address1,address2,address3,dlr_cd,dlr_nm,full_address,opt1,opt2,org_cd,org_nm,org_type,phone_number
서울,강남구,논현로 340 (역삼동),307695,(주)다온사랑,서울 강남구 논현로 340 (역삼동),강동영업담당,서초지점,P042135,역삼2동_역삼세무서점,일반점,02-508-5585
서울,강남구,테헤란로 111 대건빌딩 1F,370230,강남직영점,서울시 강남구 테헤란로 111 대건빌딩 1F,강동영업담당,서초지점,P276896,역삼동_강남점,일반점,02-593-3019
서울,강동구,천호대로157길 41 (천호동),309638,(주)드림워커스모바일,서울 강동구 천호대로157길 41 (천호동),강동영업담당,동서울지점,P023033,천호동_천호로데오2점,일반점,02-473-6010
서울,강동구,양재대로 1371 1층 8호 (성내동),310155,(주)하이플러스사람들,서울 강동구 양재대로 1371 1층 8호 (성내동),강동영업담당,동서울지점,P173159,성내동_둔촌역3점,일반점,02-423-0076
경기,용인시,수지구 풍덕천로 128 (풍덕천동),311908,(주)프렌즈컴퍼니,경기 용인시 수지구 풍덕천로 128 (풍덕천동),강동영업담당,분당지점,P207350,풍덕천1동_풍덕천사거리점,일반점,031-272-4449
경기,광주시,경안로 3 (경안동),310664,주식회사 퍼펙트샵,경기 광주시 경안로 3 (경안동),강동영업담당,동서울지점,P965500,경안동_이마트점,일반점,010-8028-3098
경기,광주시,"중앙로 88  1층 (역동, 대형빌딩) .",370256,광주역동직영점,"경기 광주시 중앙로 88  1층 (역동, 대형빌딩) .",강동영업담당,동서울지점,P031228,광주역동_역동점,일반점,010-8080-2529
경기,용인시,"기흥구 죽전로 39 117호 (보정동, 에스제이타워)",312823,에스앤유,"경기 용인시 기흥구 죽전로 39 117호 (보정동, 에스제이타워)",강동영업담당,분당지점,P045547,보정동_주민센터점,일반점,070-8279-7010
경기,성남시,분당구 돌마로 51  천사의도시 107호 (금곡동) .,370132,미금직영점,경기 성남시 분당구 돌마로 51  천사의도시 107호 (금곡동) .,강동영업담당,분당지점,P034259,금곡동_천사의도시2점,일반점,070-4369-8699
경기,성남시,"분당구 대왕판교로606번길 39 101 102호 112호 (삼평동, 럭스타워)",371508,판교직영점,"경기 성남시 분당구 대왕판교로606번길 39 101 102호 112호 (삼평동, 럭스타워)",강동영업담당,분당지점,P278310,삼평동_판교역점,일반점,070-4045-7045
경기,성남시,분당구 분당로53번길 12 (서현동),313331,좋은날,경기 성남시 분당구 분당로53번길 12 (서현동),강동영업담당,분당지점,P271814,서현동_서현로데오2점,일반점,070-4383-8001
경기,성남시,"분당구 분당로53번길 15 101호 (서현동, 산호트윈스빌딩)",312286,주식회사 화랑컴퍼니,"경기 성남시 분당구 분당로53번길 15 101호 (서현동, 산호트윈스빌딩)",강동영업담당,분당지점,P286158,서현1동_서현로데오1점,일반점,070-8235-4813
서울,강동구,"올림픽로 769 108호 (암사동, 삼정빌딩)",372475,암사직영점,"서울 강동구 올림픽로 769 108호 (암사동, 삼정빌딩)",강동영업담당,동서울지점,P038496,암사동_암사역1점,일반점,010-8080-5139
서울,강동구,"양재대로 1484-1 1층 (길동, 서원빌딩)",313611,청춘,"서울 강동구 양재대로 1484-1 1층 (길동, 서원빌딩)",강동영업담당,동서울지점,P031479,길동_길동역2점,일반점,010-8000-0475
서울,강동구,"양재대로 1465 104호 (길동, 마루홈타운)",370228,길동역직영점,"서울 강동구 양재대로 1465 104호 (길동, 마루홈타운)",강동영업담당,동서울지점,P276706,길동_길동역1점,일반점,010-8080-2426
서울,송파구,올림픽로 124  (잠실동) .,371355,신천역직영점,서울 송파구 올림픽로 124  (잠실동) .,강동영업담당,서초지점,P013701,잠실본동_신천역1점,일반점,010-8080-3878
경기,성남시,수정구 성남대로 1225 (수진동),313611,청춘,경기 성남시 수정구 성남대로 1225 (수진동),강동영업담당,동서울지점,P258656,수진동_태평역점,일반점,070-8286-4551
경기,성남시,수정구 시민로 177 (신흥동),312959,MTI,경기 성남시 수정구 시민로 177 (신흥동),강동영업담당,동서울지점,P271947,신흥동_이마트사거리점,일반점,010-8181-7570
경기,성남시,중원구 금상로 5-1 (상대원동),310864,주식회사 대통,경기 성남시 중원구 금상로 5-1 (상대원동),강동영업담당,동서울지점,P285816,상대원동_상대원시장점,일반점,010-7700-0027
경기,성남시,중원구 성남대로 1144 1층 (성남동),372367,모란1호직영점,경기 성남시 중원구 성남대로 1144 1층 (성남동),강동영업담당,동서울지점,P029369,성남동_모란역점,일반점,010-8080-5940
경기,성남시,수정구 산성대로 249  1층 (신흥동) .,372374,신흥역직영점,경기 성남시 수정구 산성대로 249  1층 (신흥동) .,강동영업담당,동서울지점,P285711,신흥동_신흥사거리점,일반점,010-8080-1173
경기,성남시,수정구 수정로 106 2필지 중앙시장 1층 108호 (수진동),307044,(주) 에스엠드림,경기 성남시 수정구 수정로 106 2필지 중앙시장 1층 108호 (수진동),강동영업담당,동서울지점,P016127,수진동_중앙시장사거리점,일반점,010-5643-0001
경기,성남시,수정구 수정로 115 경기도,307044,(주) 에스엠드림,경기도 성남시 수정구 수정로 115 경기도 성남시 수정구 태평3동 3679-1번지,강동영업담당,동서울지점,P018914,수진동_중앙점,일반점,010-5643-0001
경기,성남시,수정구 수정로 144 (수진동),307044,(주) 에스엠드림,경기 성남시 수정구 수정로 144 (수진동),강동영업담당,동서울지점,P200253,수진동_수진점,일반점,010-5643-0001
경기,성남시,수정구 수정로 141-1 102호 (태평동),370125,성남중앙직영점,경기 성남시 수정구 수정로 141-1 102호 (태평동),강동영업담당,동서울지점,P172079,태평동_중파점,일반점,010-8080-0925
경기,성남시,중원구 금광동 3666,308281,황길정텔레콤,경기 성남시 중원구 금광동 3666,강동영업담당,동서울지점,P854094,금광동_금광점,일반점,010-5768-1004
서울,서초구,"신반포로 176  (반포동, 센트럴시티) .",370123,센트럴시티직영점,"서울 서초구 신반포로 176  (반포동, 센트럴시티) .",강동영업담당,서초지점,P183401,반포4동_센트럴시티점,일반점,070-5123-6446
서울,강남구,도곡로 441 (대치동),312753,베스트글로벌,서울 강남구 도곡로 441 (대치동),강동영업담당,서초지점,P266754,대치4동_도곡로점,일반점,010-8213-0123
서울,강남구,선릉로 435 (역삼동),311370,(주)바운스텔레콤,서울 강남구 선릉로 435 (역삼동),강동영업담당,서초지점,P000095,역삼2동_선릉역점,일반점,02-3453-7911
서울,강남구,테헤란로 421  (삼성동) .,371566,테헤란로직영점,서울 강남구 테헤란로 421  (삼성동) .,강동영업담당,서초지점,P207461,삼성2동_테헤란로점,일반점,070-4032-8577
서울,강남구,"밤고개로1길 10 지하2층 B 243호 244호 (수서동, 수서현대벤쳐빌)",307558,(주)신윤티앤에스,"서울 강남구 밤고개로1길 10 지하2층 B 243호 244호 (수서동, 수서현대벤쳐빌)",강동영업담당,서초지점,P272750,수서동_수서역점,일반점,02-556-8019
서울,강남구,"영동대로 513 COEX 지하1층 J110호 (삼성동, 코엑스)",307558,(주)신윤티앤에스,"서울 강남구 영동대로 513 COEX 지하1층 J110호 (삼성동, 코엑스)",강동영업담당,서초지점,P258525,삼성1동_코엑스점,일반점,02-6002-4010
서울,서초구,"남부순환로 2626 1층 (양재동, 동신빌딩)",313032,한결,"서울 서초구 남부순환로 2626 1층 (양재동, 동신빌딩)",강동영업담당,서초지점,P000088,양재1동_양재역점,일반점,070-4065-2422
서울,서초구,"동작대로 22 (방배동, 삼미빌딩)",307044,(주) 에스엠드림,"서울 서초구 동작대로 22 (방배동, 삼미빌딩)",강동영업담당,동서울지점,P249030,방배동_사당역점,일반점,010-8289-5726
경기,성남시,분당구 돌마로 67 금산잼월드 1층 107호 (금곡동),312413,주식회사 씨엠씨,경기 성남시 분당구 돌마로 67 금산잼월드 1층 107호 (금곡동),강동영업담당,분당지점,P047015,금곡동_금산잼월드점,일반점,070-8225-5535
경기,하남시,덕풍동로 111-33(덕풍동),371720,하남직영점,경기 하남시 덕풍동로 111-33(덕풍동),강동영업담당,동서울지점,P287945,덕풍동_하남푸르지오점,일반점,010-8080-3834
서울,동작구,알마타길 6 1층 엘지 (대방동),372512,대방직영점,서울 동작구 알마타길 6 1층 엘지 (대방동),강남영업담당,남서울지점,P262052,대방직영점,일반점,070-5017-9817
서울,강남구,"선릉로 815 1층 6호 (신사동, 신한양빌딩)",310952,(주)이에스모바일,"서울 강남구 선릉로 815 1층 6호 (신사동, 신한양빌딩)",강동영업담당,서초지점,P039844,신사동_압구정로데오점,일반점,070-4685-9415
서울,강동구,"양재대로 1576 1층 (명일동, 삼익빌딩)",307871,Js 텔레콤,"서울 강동구 양재대로 1576 1층 (명일동, 삼익빌딩)",강동영업담당,동서울지점,P042539,명일동_굽은다리역점,일반점,02-6927-0010
서울,서초구,강남대로 221  제1호 2호 (양재동) .,372425,양재역직영점,서울 서초구 강남대로 221  제1호 2호 (양재동) .,강동영업담당,서초지점,P951475,양재1동_양재역점,일반점,070-4065-5093
서울,송파구,"오금로 512  107호 (거여동, 거여역2차쌍용아파트) .",311177,(주)디엠과사람들,"서울 송파구 오금로 512  107호 (거여동, 거여역2차쌍용아파트) .",강동영업담당,서초지점,P044332,거여동_거여역점,일반점,070-8223-2549
서울,강남구,압구정로28길 19 (신사동),371345,압구정역직영점,서울 강남구 압구정로28길 19 (신사동),강동영업담당,서초지점,P272986,신사동_압구정역점,일반점,070-4024-2430
서울,강남구,선릉로 635  1층 (논현동) .,371325,강남구청역직영점,서울 강남구 선릉로 635  1층 (논현동) .,강동영업담당,서초지점,P000003,논현2동_강남구청역점,일반점,02-3416-7900
경기,성남시,분당구 백현로 97  1층 (수내동) .,312742,엘유모바일,경기 성남시 분당구 백현로 97  1층 (수내동) .,강동영업담당,분당지점,P042362,수내1동_수내역2점,일반점,031-721-7776
서울,서초구,"방배로 94 1층 (방배동, 덕우빌딩)",313578,선율처럼,"서울 서초구 방배로 94 1층 (방배동, 덕우빌딩)",강동영업담당,서초지점,P018880,방배1동_방배로점,일반점,02-583-8010
경기,용인시,수지구 광교중앙로 301,311908,(주)프렌즈컴퍼니,경기 용인시 수지구 광교중앙로 301,강동영업담당,분당지점,P287610,상현동_광교2점,일반점,031-217-4449
서울,강남구,"강남대로 338 1층 (역삼동, 서울빌딩)",307812,(주)더지,"서울 강남구 강남대로 338 1층 (역삼동, 서울빌딩)",강동영업담당,서초지점,P030199,역삼1동_강남대로점,일반점,070-8267-1088
경기,이천시,영창로 214 (창전동),310471,(주)넘버원커뮤니케이션즈,경기 이천시 영창로 214 (창전동),강동영업담당,분당지점,P185297,창전동_분수대오거리점,일반점,010-8008-5029
서울,서초구,신반포로 340 1층 (반포동),313141,이삭컴퍼니,서울 서초구 신반포로 340 1층 (반포동),강동영업담당,서초지점,P959700,반포1동_논현점,일반점,02-3444-0019
경기,광주시,태봉로 35,310864,주식회사 대통,경기 광주시 태봉로 35,강동영업담당,동서울지점,P286306,태전동_성원아파트점,일반점,010-7700-0027
서울,송파구,거마로 51,370290,마천직영점,서울 송파구 거마로 51,강동영업담당,서초지점,P287138,거여동_마천사거리점,일반점,010-8080-4993
경기,성남시,수정구 수정로 75 1층 (태평동),313075,오광통신,경기 성남시 수정구 수정로 75 1층 (태평동),강동영업담당,동서울지점,P215126,태평동_태평역2번출구점,일반점,010-5611-0123
서울,강남구,"강남대로 600  104호 (논현동, 동산빌딩) .",370198,신사역직영점,"서울 강남구 강남대로 600  104호 (논현동, 동산빌딩) .",강동영업담당,서초지점,P019033,논현1동_신사역점,일반점,070-4076-9019
경기,하남시,대청로 11 (,309638,(주)드림워커스모바일,경기도 하남시 대청로 11 (하남시 신장동 519-3) (신장동),강동영업담당,동서울,P218322,신장동_하남시청1점,일반점,031-794-3802
서울,노원구,중계4동 591번지 대호아파트 189호 190호,308485,(주)오즈글로벌,서울 노원구 중계4동 591번지 대호아파트 189호 190호,강북영업담당,북서울지점,P030441,노원_상계역,일반점,02-935-6010
서울,광진구,자양번영로 42 (자양동),312017,(주)신세계정보통신,서울 광진구 자양번영로 42 (자양동),강동영업담당,광진지점,P782008,자양동_신자양점,일반점,010-2225-5722
경기,의정부시,"청사로 37 110호 (금오동, 신세계프라자)",309860,(주)오름커뮤니케이션,"경기 의정부시 청사로 37 110호 (금오동, 신세계프라자)",강북영업담당,북서울지점,P044682,의정부_홈플러스맞은편,일반점,070-8788-8005
경기,의정부시,오목로225번길 140 (민락동),309294,메인텔레콤,경기도 의정부시 오목로225번길 140 (민락동),강북영업담당,북서울지점,P290424,의정부_민락2지구,일반점,031-852-7019
경기,남양주시,"호평동 639번지 호평프라자 108호, 109호",310121,JM텔레콤,"경기도 남양주시 호평동 639번지 호평프라자 108호, 109호",강동영업담당,광진지점,P256341,호평동_호평프라자점,일반점,031-592-6010
서울,노원구,동일로 1077 (공릉동),311563,위드 유플러스,서울 노원구 동일로 1077 (공릉동),강북영업담당,북서울지점,P048584,노원_공릉,일반점,02-949-2010
경기,구리시,"경춘로 253 (인창동, 황금시계빌딩)",309603,(주)케이제이스마트,"경기 구리시 경춘로 253 (인창동, 황금시계빌딩)",강동영업담당,광진지점,P139965,인창동_구리역점,일반점,070-4675-5270
경기,남양주시,별내5로5번길 1 106호 (별내동),312350,선 모바일,경기 남양주시 별내5로5번길 1 106호 (별내동),강동영업담당,광진지점,P272913,별내동_신안인스빌점,일반점,070-4038-6010
서울,도봉구,도봉로 581 (쌍문동),372500,도봉보건소사거리직영점,서울 도봉구 도봉로 581 (쌍문동),강북영업담당,북서울지점,P287807,도봉_보건소사거리,일반점,070-4036-3748
서울,중랑구,동일로 795 (중화동),310104,주식회사 에스지피플,서울 중랑구 동일로 795 (중화동),강동영업담당,광진지점,P048512,중화동_중화역점,일반점,010-5757-4848
서울,도봉구,도봉로 464  (창동) .,370005,쌍문직영점,서울 도봉구 도봉로 464  (창동) .,강북영업담당,북서울지점,P018700,도봉_쌍문역2번,일반점,02-989-8019
서울,중랑구,"봉화산로 194 106호 (신내동, 신아타운)",310104,주식회사 에스지피플,"서울 중랑구 봉화산로 194 106호 (신내동, 신아타운)",강동영업담당,광진지점,P244307,신내동_신아타운2점,일반점,010-8388-9879
서울,도봉구,창5동 74-6번지 1층,311135,피케이,서울 도봉구 창5동 74-6번지 1층,강북영업담당,북서울지점,P225755,도봉_창동역서측,일반점,070-4809-6608
서울,중랑구,동일로 917  (묵동) .,371257,먹골직영점,서울 중랑구 동일로 917  (묵동) .,강동영업담당,광진지점,P955256,묵동_먹골역점,일반점,010-8080-7635
서울,중랑구,"중화동  208-33 주상복합 1층 116호,117호 .",370169,중랑직영점,"서울시 중랑구 중화동  208-33 주상복합 1층 116호,117호 .",강동영업담당,광진지점,P253448,중화동_중랑역점,일반점,010-8080-6191
서울,중랑구,용마산로 497 (망우동),310104,주식회사 에스지피플,서울 중랑구 용마산로 497 (망우동),강동영업담당,광진지점,P049253,망우동_우림시장점,일반점,010-8388-8960
서울,노원구,노해로 488 (상계동),300288,(주)영광텔레콤,서울 노원구 노해로 488 (상계동),강북영업담당,북서울지점,P034797,노원_노원7호선,일반점,02-931-2010
서울,노원구,노해로 495 (상계동),313030,T.O.P텔레콤,서울 노원구 노해로 495 (상계동),강북영업담당,북서울지점,P276868,노원_문화거리입구,일반점,070-5111-4791
서울,노원구,동일로237길 2  (상계동) .,371446,수락산직영점,서울 노원구 동일로237길 2  (상계동) .,강북영업담당,북서울지점,P283803,노원_수락산역_1호점,일반점,070-8633-0733
서울,노원구,"동일로 1669 (상계동, 수락프라자)",312912,태원,"서울 노원구 동일로 1669 (상계동, 수락프라자)",강북영업담당,북서울지점,P245488,노원_수락산역_2호점,일반점,02-977-3166
서울,노원구,"동일로 1530(상계동, 다모아빌딩)",312285,메가팩토리,"서울 노원구 동일로 1530(상계동, 다모아빌딩)",강북영업담당,북서울지점,P293467,노원_마들역2번,일반점,070-4327-5222
서울,성동구,왕십리로 318  (도선동) .,372277,왕십리직영점,서울 성동구 왕십리로 318  (도선동) .,강동영업담당,광진지점,P239213,도선동_왕십리역점,일반점,010-8080-2730
서울,성동구,왕십리로 321 1층 3호 (행당동),311233,주식회사 대성정보이동통신,서울 성동구 왕십리로 321 1층 3호 (행당동),강동영업담당,광진지점,P880120,행당동_왕십리역점,일반점,010-4000-5716
서울,성동구,"고산자로 201 1층 (행당동, 세종빌딩)",309867,(주)거성정보통신,"서울 성동구 고산자로 201 1층 (행당동, 세종빌딩)",강동영업담당,광진지점,P121118,행당동_무학여고점,일반점,010-7737-3037
서울,강북구,도봉로 45 (미아동),307674,(주)씨엔앤케이,서울 강북구 도봉로 45 (미아동),강북영업담당,중부지점,P035850,미아동_미아사거리역점,일반점,02-732-6010
서울,강북구,"도봉로 334 1층 (번동, 영광빌딩)",372388,강북번동직영점,"서울 강북구 도봉로 334 1층 (번동, 영광빌딩)",강북영업담당,중부지점,P278415,번동_수유역3번출구점,일반점,070-4036-6261
서울,광진구,천호대로 659 (구의동),309867,(주)거성정보통신,서울 광진구 천호대로 659 (구의동),강동영업담당,광진지점,P276455,구의동_아차산역점,일반점,010-7676-6222
경기,구리시,경춘로 188 (수택동),370821,교문직영점,경기 구리시 경춘로 188 (수택동),강동영업담당,광진지점,P013851,수택1동_중앙예식장점,일반점,070-4036-4829
서울,광진구,"아차산로 360  1층 (자양동, 서원빌딩) .",370157,구의역직영점,"서울 광진구 아차산로 360  1층 (자양동, 서원빌딩) .",강동영업담당,광진지점,P040687,자양동_구의역점,일반점,010-8080-0942
경기,구리시,"이문안로 70 (수택동, 록천빌딩)",309603,(주)케이제이스마트,"경기 구리시 이문안로 70 (수택동, 록천빌딩)",강동영업담당,광진지점,P281035,수택동_수택3동1점,일반점,070-4675-5258
서울,광진구,능동로 91 (자양동),309861,(주)리테일앤컴퍼니,서울 광진구 능동로 91 (자양동),강동영업담당,광진지점,P251817,자양동_건대입구역점,일반점,010-2495-3899
서울,광진구,천호대로 573 (중곡동),312017,(주)신세계정보통신,서울 광진구 천호대로 573 (중곡동),강동영업담당,광진지점,P281812,중곡동_군자역점,일반점,010-7565-7365
경기,구리시,"이문안로 62 (수택동, 동진빌딩)",310335,주식회사 일프로,"경기 구리시 이문안로 62 (수택동, 동진빌딩)",강동영업담당,광진지점,P172375,수택동_수택3동2점,일반점,070-8257-4728
경기,의정부시,평화로 548-1  (의정부동) .,309860,(주)오름커뮤니케이션,경기 의정부시 평화로 548-1  (의정부동) .,강북영업담당,북서울지점,P015014,의정부_흥선지하삼거리,일반점,070-4351-4251
경기,의정부시,호원2동 414-9번지 1층 101호 102호,309860,(주)오름커뮤니케이션,경기 의정부시 호원2동 414-9번지 1층 101호 102호,강북영업담당,북서울지점,P193012,의정부_회룡역_일반,일반점,070-8788-8788
경기,의정부시,외미로 100 (호원동),313173,파머스컴퍼니,경기 의정부시 외미로 100 (호원동),강북영업담당,북서울지점,P292189,의정부_회룡역서부,일반점,070-4001-3552
경기,의정부시,신흥로 125 LG유플러스 1층 (호원동),311612,주관커뮤니케이션,경기 의정부시 신흥로 125 LG유플러스 1층 (호원동),강북영업담당,북서울지점,P273186,의정부_범골역,일반점,070-8282-1737
경기,의정부시,"시민로 81  105호 (의정부동, 서부타워) .",312992,진우커뮤니케이션,"경기 의정부시 시민로 81  105호 (의정부동, 서부타워) .",강북영업담당,북서울지점,P152778,의정부_의정부역서부광장,일반점,070-4024-4678
서울,중랑구,망우로 308 (상봉동),310104,주식회사 에스지피플,서울 중랑구 망우로 308 (상봉동),강동영업담당,광진지점,P166259,상봉동_상봉역점,일반점,010-8388-9060
경기,의정부시,장암동 20-14번지,309860,(주)오름커뮤니케이션,경기 의정부시 장암동 20-14번지,강북영업담당,북서울지점,P262214,의정부_발곡역,일반점,070-4351-6165
경기,의정부시,"발곡로 22 101동 102호 (신곡동, 신풍프라자)",309860,(주)오름커뮤니케이션,"경기 의정부시 발곡로 22 101동 102호 (신곡동, 신풍프라자)",강북영업담당,북서울지점,P170927,의정부_신곡1동주민센터_일반,일반점,070-4351-6692
경기,의정부시,행복로 9(의정부동),309860,(주)오름커뮤니케이션,경기 의정부시 행복로 9(의정부동),강북영업담당,북서울지점,P288031,의정부_행복로,일반점,070-4351-4201
경기,의정부시,태평로73번길 7 (의정부동),372400,제일시장직영점,경기 의정부시 태평로73번길 7 (의정부동),강북영업담당,북서울지점,P252076,의정부_제일시장,일반점,070-4046-5873
서울,노원구,석계로 4103-106호 (월계동),372548,석계직영점,서울 노원구 석계로 4103-106호 (월계동),강북영업담당,북서울지점,P283322,노원_석계역,일반점,070-4036-3748
서울,성북구,길음로 6 (길음동),370899,길음역직영점,서울 성북구 길음로 6 (길음동),강북영업담당,중부지점,P273246,길음동_길음역,일반점,070-4038-7317
경기,구리시,"검배로 55 104동 105호 (수택동, 하이스트빌)",309853,명문텔레콤,"경기 구리시 검배로 55 104동 105호 (수택동, 하이스트빌)",강동영업담당,광진지점,P225027,수택1동_남양시장점,일반점,070-7561-7040
서울,광진구,"구의동 252-44번지 108,109호",309980,H.I.M텔레콤,"서울 광진구 구의동 252-44번지 108,109호",강동영업담당,광진지점,P223834,구의동_광진구청점,일반점,010-3993-0039
서울,동대문구,왕산로 110 (용두동),371445,제기역직영점,서울 동대문구 왕산로 110 (용두동),강북영업담당,중부지점,P257045,제기동_제기역점,일반점,070-4045-7241
서울,성동구,옥수동 560번지 옥수어울림상가 206호,370381,옥수역직영점,서울 성동구 옥수동 560번지 옥수어울림상가 206호,강동영업담당,광진지점,P195217,옥수동_옥수역점,일반점,010-8080-4472
서울,성북구,화랑로 248 (석관동),312280,제이유플러스,서울 성북구 화랑로 248 (석관동),강북영업담당,중부지점,P272692,석관동_돌곶이역점,일반점,02-962-5417
경기,남양주시,화도읍 맷돌로 114 1층 (메디칼프라자),312814,주식회사 아미,경기 남양주시 화도읍 맷돌로 114 1층 (메디칼프라자),강동영업담당,광진지점,P280912,화도읍_중흥점,일반점,070-8625-3637
경기,양주시,백석읍 양주산성로 636 .,309294,메인텔레콤,경기 양주시 백석읍 양주산성로 636 .,강북영업담당,북서울지점,P275757,양주_백석,일반점,031-826-7019
서울,노원구,동일로 1392  (노원)(중계동)(하계동) (상계동),309860,(주)오름커뮤니케이션,서울시 노원구 동일로 1392  (노원)(중계동)(하계동) (상계동),강북영업담당,북서울지점,P285927,노원_노원역5번출구,일반점,070-4351-6906
경기,양주시,평화로 1429  (덕계동) .,312992,진우커뮤니케이션,경기 양주시 평화로 1429  (덕계동) .,강북영업담당,북서울지점,P228470,양주_리치마트옆,일반점,070-8233-0651
경기,시흥시,삼미시장4길 7-1 마루상가 1층 (신천동),313700,㈜가온텔레콤,경기 시흥시 삼미시장4길 7-1 마루상가 1층 (신천동),강남영업담당,안산지점,P144446,가온텔레콤_삼미시장점,일반점,031-312-9010
서울,양천구,목동로 201 1층 목동역 2번출구앞 (신정동),309759,(주)경서사람들,서울 양천구 목동로 201 1층 목동역 2번출구앞 (신정동),강북영업담당,강서지점,P882133,목동_목동역1점,일반점,02-2039-5370
경기,안양시,동안구 평촌대로223번길 49 아트타워빌딩 1층 LG유플러스(호계동,370172,범계역직영점,경기도 안양시 동안구 평촌대로223번길 49 아트타워빌딩 1층 LG유플러스(호계동,강남영업담당,수원지점,P286204,범계역직영점,일반점,070-5017-2263
서울,관악구,신림로 358-1 1층 (신림동),311861,주식회사 에스와이패밀리,서울 관악구 신림로 358-1 1층 (신림동),강남영업담당,남서울지점,P030410,SY패밀리_신림점,일반점,070-4606-0936
경기,안양시,"동안구 범계동  1045-7번지 백운빌딩 101,102호 .",311823,(주)킹,"경기 안양시 동안구 범계동  1045-7번지 백운빌딩 101,102호 .",강남영업담당,수원지점,P024294,킹텔레콤_범계역점,일반점,070-5022-7750
경기,광명시,광명로 894  (광명동) .,370049,광명직영점,경기 광명시 광명로 894  (광명동) .,강북영업담당,강서지점,P239319,광명_광명사거리역,일반점,070-7563-0019
서울,강서구,"강서로 52 1층 107호 (화곡동, 화곡판타지아빌딩)",308080,주식회사 웅장,"서울 강서구 강서로 52 1층 107호 (화곡동, 화곡판타지아빌딩)",강북영업담당,강서지점,P038897,화곡_까치산역1점,일반점,02-2677-0040
서울,양천구,신월로 282 (신정동),301964,(주)기분좋은웰빙,서울 양천구 신월로 282 (신정동),강북영업담당,강서지점,P028147,신정_신정네거리_1점,일반점,02-2690-8010
서울,관악구,시흥대로 548 (신림동),312275,(주)와이즈피플,서울 관악구 시흥대로 548 (신림동),강남영업담당,남서울지점,P290459,조원동점,일반점,070-8623-8288
서울,강서구,강서로 171 (화곡동),308080,주식회사 웅장,서울 강서구 강서로 171 (화곡동),강북영업담당,강서지점,P202219,화곡_화곡역2점,일반점,070-4032-8377
서울,관악구,남부순환로 1596 1층 (신림동),310968,(주)조이모바일,서울 관악구 남부순환로 1596 1층 (신림동),강남영업담당,남서울지점,P035430,JOY텔레콤_신림중앙점,일반점,070-4009-6366
경기,광명시,오리로 971-1 (광명동),370474,광명시장직영점,경기 광명시 오리로 971-1 (광명동),강북영업담당,강서지점,P271356,광명_광명사거리2점,일반점,070-5104-0474
서울,관악구,남부순환로 1601  (신림동) .,370491,신림직영점,서울 관악구 남부순환로 1601  (신림동) .,강남영업담당,남서울지점,P240772,신림직영점,일반점,070-8259-4188
서울,동작구,동작대로 127  1층 LG텔레콤 (사당동) .,370293,총신대직영점,서울 동작구 동작대로 127  1층 LG텔레콤 (사당동) .,강남영업담당,남서울지점,P032719,총신대직영점,일반점,070-4015-5837
경기,광명시,"오리로 865 (철산동, 철산빌딩)",309759,(주)경서사람들,"경기 광명시 오리로 865 (철산동, 철산빌딩)",강북영업담당,강서지점,P215818,철산_철산역,일반점,02-2686-1952
경기,광명시,"범안로 1047 1층 104호 (하안동, 하안상업지구우덕빌딩)",307524,(주)에스엠포유,"경기 광명시 범안로 1047 1층 104호 (하안동, 하안상업지구우덕빌딩)",강북영업담당,강서지점,P040888,하안_하안사거리1점,일반점,02-891-9010
경기,안양시,만안구 만안로 214  (안양동) .,312360,훈민텔레콤,경기 안양시 만안구 만안로 214  (안양동) .,강남영업담당,안산지점,P173296,훈민텔레콤_안양역점,일반점,070-7528-7529
경기,안양시,"동안구 동안로 120 105호 (호계동, 평촌올림픽스포츠센터)",311224,(주)나래,"경기 안양시 동안구 동안로 120 105호 (호계동, 평촌올림픽스포츠센터)",강남영업담당,수원지점,P221968,나래통신_범계점,일반점,031-360-3608
경기,안양시,만안구 안양로292번길 27 (안양동),312964,씨알엠컴퍼니 Nr,경기 안양시 만안구 안양로292번길 27 (안양동),강남영업담당,안산지점,P256132,씨알엠컴퍼니_분수대점,일반점,070-8290-2521
서울,금천구,독산로 137 (시흥동),311836,(주) 처음처럼,서울 금천구 독산로 137 (시흥동),강남영업담당,남서울지점,P290711,처음처럼_시흥2호점,일반점,070-7514-6367
서울,금천구,가산로 113 (가산동),312014,주식회사 브라더스플러스,서울 금천구 가산로 113 (가산동),강남영업담당,남서울지점,P291889,브라더스_가산점,일반점,070-4300-1253
서울,금천구,디지털로 212  (가산동) .,370304,가산직영점,서울 금천구 디지털로 212  (가산동) .,강남영업담당,남서울지점,P571960,가산직영점,일반점,070-5017-7218
서울,금천구,시흥대로 406 (독산동),312275,(주)와이즈피플,서울 금천구 시흥대로 406 (독산동),강남영업담당,남서울지점,P252499,독산동점,일반점,070-8202-8288
경기,군포시,산본로323번길 16-12 광정동 1134-1번지 센타빌딩B동 104호,313579,소이모바일,경기도 군포시 산본로323번길 16-12 광정동 1134-1번지 센타빌딩B동 104호,강남영업담당,안산지점,P036083,소이모바일_산본점,일반점,070-4379-8253
경기,군포시,"산본로323번길 16-7 106호 (산본동, 광림빌딩)",313704,(주)태경정보통신,"경기 군포시 산본로323번길 16-7 106호 (산본동, 광림빌딩)",강남영업담당,안산지점,P041136,태경정보통신_산본중앙점,일반점,031-392-3055
경기,군포시,금산로 94 (산본동),312916,주식회사 안양플러스모바일,경기 군포시 금산로 94 (산본동),강남영업담당,안산지점,P953326,안양플러스모바일_산본시장점,일반점,031-391-9970
서울,영등포구,"여의대방로 383101호 (여의도동, 경도빌딩)",311861,주식회사 에스와이패밀리,"서울 영등포구 여의대방로 383101호 (여의도동, 경도빌딩)",강남영업담당,남서울지점,P288212,에스와이패밀리_여의도점,일반점,070-8285-0936
서울,양천구,"목동동로 293  1층 13호 (목동, 현대41타워) .",312664,다온,"서울 양천구 목동동로 293  1층 13호 (목동, 현대41타워) .",강북영업담당,강서지점,P044214,목동_현대목동,일반점,070-4024-7694
서울,영등포구,"의사당대로 108  1층 105호 (여의도동, 아일렉스상가) .",312776,(주)엔에스플러스,"서울 영등포구 의사당대로 108  1층 105호 (여의도동, 아일렉스상가) .",강남영업담당,남서울지점,P244863,엔에스플러스_여의도점,일반점,070-8682-2386
서울,관악구,신림로 313 (신림동),372483,신림로직영점,서울 관악구 신림로 313 (신림동),강남영업담당,남서울지점,P273196,신림로직영점,일반점,070-5017-5046
서울,영등포구,양평로 59 (당산동5가),310084,주식회사 텔레텔레콤,서울 영등포구 양평로 59 (당산동5가),강남영업담당,남서울지점,P018474,텔레텔레콤_당산점,일반점,070-4606-5692
서울,강서구,화곡로 322 (화곡동),370244,강서구청직영점,서울 강서구 화곡로 322 (화곡동),강북영업담당,강서지점,P238790,화곡동_강서구청,일반점,070-4024-0244
경기,시흥시,대은로 86 다이아몬드상가 101 102호 (은행동),313700,㈜가온텔레콤,경기 시흥시 대은로 86 다이아몬드상가 101 102호 (은행동),강남영업담당,안산지점,P016549,가온텔레콤_시흥점,일반점,031-314-5681
서울,동작구,동작대로 53  서울,372279,사당직영점,서울시 동작구 동작대로 53  서울 동작구 동작대로53 1층 LG유플러스 (사당동),강남영업담당,남서울지점,P031005,사당직영점,일반점,070-5017-5606
서울,관악구,"난곡로 367 1층 (신림동, 경신빌딩)",307630,(주)시우아이엔씨,"서울 관악구 난곡로 367 1층 (신림동, 경신빌딩)",강남영업담당,남서울지점,P185257,(주)시우아이엔씨_신대방점,일반점,02-865-2010
서울,동작구,"노량진로 152 1층 (노량진동, 대영빌딩)",371336,노량진직영점,"서울 동작구 노량진로 152 1층 (노량진동, 대영빌딩)",강남영업담당,남서울지점,P045328,노량진직영점,일반점,070-4642-2531
서울,동작구,상도로 80 (대방동),312014,주식회사 브라더스플러스,서울 동작구 상도로 80 (대방동),강남영업담당,남서울지점,P259815,브라더스_신대방삼거리점,일반점,02-941-5965
경기,안산시,단원구 고잔동 769-4번지 중앙프라자 109호 110호,307442,(주)엠씨,경기도 안산시 단원구 고잔동 769-4번지 중앙프라자 109호 110호,강남영업담당,안산지점,P267996,고잔점,일반점,031-414-9019
경기,안산시,"상록구 광덕1로 370  1층 107호 (이동, 코로스프라자) .",312464,(주)에스엠리퍼블릭,"경기 안산시 상록구 광덕1로 370  1층 107호 (이동, 코로스프라자) .",강남영업담당,안산지점,P171485,SM모바일_한대앞역점,일반점,031-418-9241
경기,안양시,동안구 관악대로 341 (관양동),312465,주식회사 더울프,경기 안양시 동안구 관악대로 341 (관양동),강남영업담당,수원지점,P033139,(주)더울프_관양점,일반점,070-8292-3006
서울,양천구,신월로 332(신정동),371307,목동힐스테이트직영점,서울 양천구 신월로 332(신정동),강북영업담당,강서지점,P282629,목동_목동힐스테이트,일반점,070-4045-1307
서울,양천구,"목동동로 339 1층 (목동, 목동트윈빌)",371354,목동파리공원직영점,"서울 양천구 목동동로 339 1층 (목동, 목동트윈빌)",강북영업담당,강서지점,P278450,목동_양천우체국점,일반점,070-4024-6626
서울,양천구,오목로 193 (신정동),370495,신정역직영점,서울 양천구 오목로 193 (신정동),강북영업담당,강서지점,P278317,신정동_신정역,일반점,070-4024-5815
서울,구로구,새말로 89 (구로동),312777,한울,서울 구로구 새말로 89 (구로동),강북영업담당,강서지점,P276624,신도림_신도림역2점,일반점,070-4806-7499
서울,구로구,개봉로20길 66,313330,솔솔모바일,서울 구로구 개봉로20길 66,강북영업담당,강서지점,P286245,개봉_개봉역1점,일반점,02-2643-1263
경기,시흥시,"정왕동  1737-1 번지 한솔프라자 104,105호 .",370645,시화직영점,"경기 시흥시 정왕동  1737-1 번지 한솔프라자 104,105호 .",강남영업담당,안산지점,P046479,시화직영점,일반점,031-362-4019
경기,광명시,"디지털로 17 (철산동, 가림빌딩)",313564,좋은친구들,"경기 광명시 디지털로 17 (철산동, 가림빌딩)",강북영업담당,강서지점,P278318,철산_철산역2점,일반점,010-9266--5887
경기,의왕시,"계원대학로 2  104호 (내손동, 롯데프라자) .",313618,이룸플러스,"경기 의왕시 계원대학로 2  104호 (내손동, 롯데프라자) .",강남영업담당,수원지점,P048818,계원대학로_내손동점,일반점,070-4300-6019
서울,구로구,경인로 199-2  1층 엘지유플러스(오류동) (오류동),308080,주식회사 웅장,서울시 구로구 경인로 199-2  1층 엘지유플러스(오류동) (오류동),강북영업담당,강서지점,P030296,오류_오류역,일반점,070-4076-5600
서울,강서구,화곡로 429 (가양동),301964,(주)기분좋은웰빙,서울 강서구 화곡로 429 (가양동),강북영업담당,강서지점,P179341,가양_가양대교점,일반점,02-3664-3010
강원,춘천시,온의동 590 스카이클래스 117동 106호,310926,유 (U) 스타,강원 춘천시 온의동 590 스카이클래스 117동 106호,강동영업담당,영서지점,P292842,온의동_롯데캐슬점,일반점,010-3397-1469
강원,원주시,"단구동 1511-2 스타월드B 123,124호",309598,주식회사 연,"강원 원주시 단구동 1511-2 스타월드B 123,124호",강동영업담당,영서지점,P219835,단구동_롯데시네마1점,일반점,010-2400-2004
강원,춘천시,지석로 85 105호 (석사동),372373,투탑시티직영점,강원 춘천시 지석로 85 105호 (석사동),강동영업담당,영서지점,P280911,석사동_투탑시티점,일반점,010-8080-5532
강원,원주시,중앙로 104 (중앙동),313315,신 커뮤니케이션,강원 원주시 중앙로 104 (중앙동),강동영업담당,영서지점,P273529,중앙동_B도로2점,일반점,010-8767-1626
강원,홍천군,홍천읍 신장대로 73 .,310926,유 (U) 스타,강원 홍천군 홍천읍 신장대로 73 .,강동영업담당,영서지점,P239309,홍천읍_신장대리점,일반점,010-3447-3057
강원,원주시,원일로 148  (학성동) .,312523,인,강원 원주시 원일로 148  (학성동) .,강동영업담당,영서지점,P020633,학성동_보건소점,일반점,010-7676-3272
강원,춘천시,춘천로 191 (운교동),310045,주식회사제이,강원 춘천시 춘천로 191 (운교동),강동영업담당,영서지점,P285499,운교동_팔호광장점,일반점,010-2360-8505
강원,원주시,원일로 106(중앙동),313315,신 커뮤니케이션,강원 원주시 원일로 106(중앙동),강동영업담당,영서지점,P281472,중앙동_A도로2점,일반점,010-5547-1199
강원,강릉시,"경강로 2106 1층 105호 (임당동, 경일프라자)",309602,금학텔레콤,"강원 강릉시 경강로 2106 1층 105호 (임당동, 경일프라자)",강동영업담당,영동지점,P044905,임당동_롯데리아점,일반점,033-823-3001
강원,춘천시,명동길 10-1 엘지유플러스 1층 (중앙로2가),310926,유 (U) 스타,강원 춘천시 명동길 10-1 엘지유플러스 1층 (중앙로2가),강동영업담당,영서지점,P286126,중앙로_명동길점,일반점,010-5671-3906
강원,속초시,중앙동 475-15,309862,스마트텔레콤 주식회사,강원 속초시 중앙동 475-15,강동영업담당,영동지점,P224043,중앙동_로데오점,일반점,033-637-2019
강원,강릉시,문화의길 5 (임당동),309631,강릉U플러스,강원 강릉시 문화의길 5 (임당동),강동영업담당,영동지점,P012170,임당동_문화의거리점,일반점,033-642-5019
강원,춘천시,퇴계로 229 (석사동),310559,뷰스퀘어,강원 춘천시 퇴계로 229 (석사동),강동영업담당,영서지점,P209394,석사동_봄내초교1점,일반점,010-3378-6212
강원,동해시,"중앙로 235 1층 (천곡동, 유성빌딩)",311722,더블유 피플,"강원 동해시 중앙로 235 1층 (천곡동, 유성빌딩)",강동영업담당,영동지점,P002184,천곡동_천곡1점,일반점,033-532-3019
강원,춘천시,서부대성로 234 (효자동),309615,(주)스타플러스,강원 춘천시 서부대성로 234 (효자동),강동영업담당,영서지점,P032898,효자동_강대후문점,일반점,010-5695-9995
강원,강릉시,하평길 38  (포남동) .,312435,엔젤모바일,강원 강릉시 하평길 38  (포남동) .,강동영업담당,영동지점,P041533,포남동_포남1점,일반점,070-4062-6419
강원,강릉시,교동광장로 137 (교동),312803,바이탈모바일,강원 강릉시 교동광장로 137 (교동),강동영업담당,영동지점,P211100,교1동_현대아파트점,일반점,070-7584-5666
강원,동해시,천곡로 68 현대코아 108호 (천곡동),311856,유플앤아이,강원 동해시 천곡로 68 현대코아 108호 (천곡동),강동영업담당,영동지점,P043795,천곡동_동해시청점,일반점,070-7582-9970
강원,원주시,"중앙시장길 11  1층 1호 (중앙동, 자유시장) .",312523,인,"강원 원주시 중앙시장길 11  1층 1호 (중앙동, 자유시장) .",강동영업담당,영서지점,P171457,중앙동_자유시장점,일반점,010-5800-5239
강원,원주시,원일로 109 (일산동),312656,원주컴퍼니,강원 원주시 원일로 109 (일산동),강동영업담당,영서지점,P228471,중앙동_A도로1점,일반점,010-7770-3774
강원,원주시,치악로 1794 1층 (개운동),312038,(주)제이에이치모바일,강원 원주시 치악로 1794 1층 (개운동),강동영업담당,영서지점,P800028,개운동_남부시장점,일반점,010-8355-4522
강원,원주시,"시청로 74 1층 108호 (무실동, 에이스타워)",311559,제이앤케이,"강원 원주시 시청로 74 1층 108호 (무실동, 에이스타워)",강동영업담당,영서지점,P691958,무실동_시청1점,일반점,010-8383-9447
강원,춘천시,춘천로 179 (운교동),311850,한울컴퍼니,강원 춘천시 춘천로 179 (운교동),강동영업담당,영서지점,P232842,운교동_KEB하나광장점,일반점,010-8081-4970
강원,속초시,청호로2길 46-4 부영상가 108호 (조양동),309862,스마트텔레콤 주식회사,강원 속초시 청호로2길 46-4 부영상가 108호 (조양동),강동영업담당,영동지점,P242629,조양동_부영점,일반점,033-635-9027
강원,원주시,중앙동 62-38번지 56/57,370866,원주중앙직영점,강원 원주시 중앙동 62-38번지 56/57,강동영업담당,영서지점,P140441,중앙동_B도로1점,일반점,010-8080-1163
강원,춘천시,후석로326번길 5 106호 (후평동),310926,유 (U) 스타,강원 춘천시 후석로326번길 5 106호 (후평동),강동영업담당,영서지점,P286284,후평동_포스코점,일반점,010-5713-9493
강원,속초시,중앙로 113-1 (금호동),372358,속초직영점,강원 속초시 중앙로 113-1 (금호동),강동영업담당,영동지점,P280517,금호동_로데오1점,일반점,070-4042-4216
강원,태백시,황지로 176  (황지동) .,312804,NJ모바일,강원 태백시 황지로 176  (황지동) .,강동영업담당,영동지점,P167309,황지동_우체국점,일반점,033-553-2019
강원,강릉시,하평길 20(포남동),309602,금학텔레콤,강원 강릉시 하평길 20(포남동),강동영업담당,영동지점,P287068,포남동_포남2점,일반점,033-823-3002
강원,춘천시,후석로 312  (후평동) .,370621,후평직영점,강원 춘천시 후석로 312  (후평동) .,강동영업담당,영서지점,P185311,후평동_지적공사점,일반점,010-8080-5249
강원,태백시,황지로 158 (황지동),310398,삼척대리점,강원 태백시 황지로 158 (황지동),강동영업담당,영동지점,P272997,황지동_황지연못점,일반점,033-553-6019
강원,원주시,단구로 384-1(단구동),312274,대운 company,강원 원주시 단구로 384-1(단구동),강동영업담당,영서지점,P287797,단구동_단관택지점,일반점,010-8395-3242
경남,거제시,거제중앙로 1913 (고현동),304711,나래텔레콤,경남 거제시 거제중앙로 1913 (고현동),경남영업담당,서부경남지점,P288349,고현동_고현중앙점,일반점,055-634-2019
경남,창원시,성산구 마디미로27번길 4 (상남동),308470,대주텔레콤,경남 창원시 성산구 마디미로27번길 4 (상남동),경남영업담당,서부경남지점,P765970,상남동_상남시장점,일반점,055-263-5109
경남,창원시,성산구 마디미로22번길 12 (상남동),372154,창원상남직영점,경남 창원시 성산구 마디미로22번길 12 (상남동),경남영업담당,서부경남지점,P260460,상남동_마디미로점,일반점,070-8616-5635
경남,창원시,"성산구 단정로 32  1층 엘지유플러스 (상남동, 한사랑빌딩) .",370182,창원직영점,"경남 창원시 성산구 단정로 32  1층 엘지유플러스 (상남동, 한사랑빌딩) .",경남영업담당,서부경남지점,P025601,창원직영점,일반점,055-264-5019
경남,창원시,의창구 의창대로 56 (팔용동),370753,창원팔용직영점,경남 창원시 의창구 의창대로 56 (팔용동),경남영업담당,서부경남지점,P256009,창원팔용직영점,일반점,070-4643-9019
경남,진주시,진양호로 348 (신안동),311264,태경,경남 진주시 진양호로 348 (신안동),경남영업담당,서부경남지점,P004693,신안동_교대점,일반점,055-743-1144
경남,진주시,"진주대로 514  1층 (가좌동, 프리윌빌딩) .",372071,경상대직영점,"경남 진주시 진주대로 514  1층 (가좌동, 프리윌빌딩) .",경남영업담당,서부경남지점,P212909,가좌동_경상대점,일반점,070-8277-2014
경남,진주시,촉석로 185 (대안동),304698,태온텔레콤,경남 진주시 촉석로 185 (대안동),경남영업담당,서부경남지점,P004720,대안동_대안2점,일반점,055-741-4019
경남,진주시,남강로309번길 44 도리명가 (평거동),372075,평거직영점,경남 진주시 남강로309번길 44 도리명가 (평거동),경남영업담당,서부경남지점,P278895,평거직영점,일반점,070-4641-2577
경남,진주시,동진로 196 (상대동),311676,대안대리점,경남 진주시 동진로 196 (상대동),경남영업담당,서부경남지점,P018191,상대동_시청점,일반점,055-757-0193
경남,사천시,사천읍 평화1길 46 .,311538,나눔대리점,경남 사천시 사천읍 평화1길 46 .,경남영업담당,서부경남지점,P286698,사천읍_사천점,일반점,070-4032-2136
경남,창원시,"성산구 원이대로 654  1층 102호 (상남동, 세인프라자) .",310352,혜성대리점,"경남 창원시 성산구 원이대로 654  1층 102호 (상남동, 세인프라자) .",경남영업담당,서부경남지점,P248243,상남동_은하그랜드점,일반점,055-255-7077
경남,창원시,성산구 마디미서로 51(상남동),308470,대주텔레콤,경남 창원시 성산구 마디미서로 51(상남동),경남영업담당,서부경남지점,P289623,상남동_국민은행사거리1점,일반점,055-287-5109
경남,진주시,모덕로 254 (하대동),310877,유일,경남 진주시 모덕로 254 (하대동),경남영업담당,서부경남지점,P271922,하대1동_모덕로점,일반점,055-761-0195
경남,창원시,"마산합포구 문화동13길 9 105호 (월남동5가, 삼우빌딩)",310149,성원텔레콤,"경남 창원시 마산합포구 문화동13길 9 105호 (월남동5가, 삼우빌딩)",경남영업담당,서부경남지점,P021592,월남동5가_경남대정문점,일반점,055-245-2355
경남,통영시,무전2길 6 1층 (무전동),304711,나래텔레콤,경남 통영시 무전2길 6 1층 (무전동),경남영업담당,서부경남지점,P194452,무전동_무전점,일반점,055-648-7010
경남,창원시,진해구 안골로 344 용원마이다스빌딩 1층 115호,312573,청연,경남 창원시 진해구 안골로 344 용원마이다스빌딩 1층 115호,경남영업담당,서부경남지점,P278920,용원안골점,일반점,055-297-1019
경남,통영시,광도면 죽림4로 37 .,312860,명성컴퍼니,경남 통영시 광도면 죽림4로 37 .,경남영업담당,서부경남지점,P242229,광도면_죽림점,일반점,055-649-2010
경남,창원시,"마산합포구 해운동 5-31번지 2필지 제1 4층 1-1호 ,2,3",312573,청연,"경남 창원시 마산합포구 해운동 5-31번지 2필지 제1 4층 1-1호 ,2,3",경남영업담당,서부경남지점,P391960,해운동_경남대점점,일반점,010-7752-1427
경남,창원시,진해구 진해대로 762롯데마트 1층 (석동),310352,혜성대리점,경남 창원시 진해구 진해대로 762롯데마트 1층 (석동),경남영업담당,서부경남지점,P287098,혜성대리점_진해롯데마트점,일반점,055-544-7008
부산,중구,비프광장로 27 (남포동3가),311111,주식회사 드림텔레콤,부산 중구 비프광장로 27 (남포동3가),경남영업담당,남부산지점,P036601,남포동3가_부산극장점,일반점,010-7752-6702
경남,창원시,마산회원구 3.15대로 742-1 외 2필지 (합성동),312573,청연,경남 창원시 마산회원구 3.15대로 742-1 외 2필지 (합성동),경남영업담당,서부경남지점,P044747,합성동_시외터미널2점,일반점,055-255-6019
경남,창원시,마산합포구 현동371번지,312463,명당대리점,경남 창원시 마산합포구 현동371번지,경남영업담당,서부경남지점,P287817,마산합포구_현동로점,일반점,055-244-8819
경남,거창군,거창읍 중앙로 122 104호 (덕유빌딩),372262,거창직영점,경남 거창군 거창읍 중앙로 122 104호 (덕유빌딩),경남영업담당,서부경남지점,P040435,거창읍_거창읍점,일반점,070-4656-9610
대구,북구,동암로 96,310890,원텔레콤,대구 북구 동암로 96,경북영업담당,동대구지점,P048156,동천동_칠곡프라자점,일반점,010-5555-1913
대구,수성구,지범로 171  (지산동) .,312524,소피아,대구 수성구 지범로 171  (지산동) .,경북영업담당,동대구지점,P005461,지산동_동아백화점1점,일반점,053-782-0192
대구,달서구,"성서로 420 1층 110호 (이곡동, 성서메가타운)",312103,대진텔레콤,"대구 달서구 성서로 420 1층 110호 (이곡동, 성서메가타운)",경북영업담당,서대구지점,P071089,이곡동_국민연금사거리점,일반점,070-4695-3030
대구,서구,팔달로 170 (비산동),312103,대진텔레콤,대구 서구 팔달로 170 (비산동),경북영업담당,서대구지점,P045931,비산동_만평점,일반점,053-587-9880
대구,중구,동성로5길 31 (삼덕동1가),370262,동성로직영점,대구 중구 동성로5길 31 (삼덕동1가),경북영업담당,서대구지점,P276179,삼덕동_동성로점,일반점,070-5025-2451
대구,수성구,명덕로 398 (수성동1가),309671,(주)정령,대구 수성구 명덕로 398 (수성동1가),경북영업담당,동대구지점,P225980,수성동_수성점,일반점,053-428-9019
대구,달서구,계대동문로 15  (신당동) .,312790,성원,대구 달서구 계대동문로 15  (신당동) .,경북영업담당,서대구지점,P250841,신당동_계명대점,일반점,010-8071-2202
대구,수성구,달구벌대로 3202 (신매동),311781,명인텔레콤,대구 수성구 달구벌대로 3202 (신매동),경북영업담당,동대구지점,P241380,신매동_시지광장2점,일반점,053-792-8667
경북,포항시,북구 중앙상가길 39 (대흥동),304945,(주)코리아넘버원,경북 포항시 북구 중앙상가길 39 (대흥동),경북영업담당,동대구지점,P012160,대흥동_북포항우체국1점,일반점,054-244-1018
경북,구미시,옥계북로 5  (옥계동) .,312707,창경대리점,경북 구미시 옥계북로 5  (옥계동) .,경북영업담당,구미지점,P252042,옥계동_옥계북로입구,일반점,070-4643-4061
경북,구미시,인동중앙로8길 4 1층 (인의동),312707,창경대리점,경북 구미시 인동중앙로8길 4 1층 (인의동),경북영업담당,구미지점,P043115,인의동_인동중앙길1점,일반점,054-474-8010
경북,구미시,"인동북길 83 1층 인의구획정리지구 (인의동, 동산빌딩)",312015,철주통신,"경북 구미시 인동북길 83 1층 인의구획정리지구 (인의동, 동산빌딩)",경북영업담당,구미지점,P027894,인의동_인동대로점,일반점,054-474-8330
경북,구미시,원평동 122-7번지,304935,다온대리점,경북 구미시 원평동 122-7번지,경북영업담당,구미지점,P033746,원평2동_구미중앙시장점,일반점,054-442-5055
경북,구미시,신시로 49,304529,(주)온나라텔레콤,경북 구미시 신시로 49,경북영업담당,구미지점,P287816,형곡동_형곡점,일반점,054-454-7019
경북,구미시,인동북길 127 (인의동),312041,일선,경북 구미시 인동북길 127 (인의동),경북영업담당,구미지점,P258551,인의동_인동가산로점,일반점,054-476-1100
경북,영주시,구성로 338 (영주동),312100,대광통신,경북 영주시 구성로 338 (영주동),경북영업담당,구미지점,P767974,영주동_구성오거리점,일반점,070-4655-8220
경북,안동시,남문로 22-11 (삼산동),309405,안동제일정보,경북 안동시 남문로 22-11 (삼산동),경북영업담당,구미지점,P032724,삼산동_문화광장길2점,일반점,054-852-2232
경북,안동시,문화광장길 11 (남문동),310593,유플러스영주대리점,경북 안동시 문화광장길 11 (남문동),경북영업담당,구미지점,P005249,서성동_중앙로점,일반점,070-8600-4174
경북,구미시,산호대로31길 18 (옥계동),312015,철주통신,경북 구미시 산호대로31길 18 (옥계동),경북영업담당,구미지점,P272649,옥계_현진에버빌점,일반점,054-476-6505
경북,칠곡군,북삼읍 금오대로 285 .,312041,일선,경북 칠곡군 북삼읍 금오대로 285 .,경북영업담당,구미지점,P287666,북삼읍_인평리점,일반점,070-5030-0508
경북,구미시,상사서로 55  (상모동) .,372517,상모직영점,경북 구미시 상사서로 55  (상모동) .,경북영업담당,구미지점,P260406,상모동_상모프라자점,일반점,070-4624-5878
대구,북구,검단로 3  (산격동) .,313225,후(W.H.O),대구 북구 검단로 3  (산격동) .,경북영업담당,동대구지점,P258287,산격동_복현오거리점,일반점,070-5022-6033
경북,경산시,대동  168-1 제가동 .,312524,소피아,경북 경산시 대동  168-1 제가동 .,경북영업담당,동대구지점,P222001,대동_영남대2점,일반점,070-4038-3141
대구,달서구,상인2동  314-12번지 .,313617,신세계,대구 달서구 상인2동  314-12번지 .,경북영업담당,서대구지점,P258286,상인동_홈플러스상인,일반점,070-5022-2230
경북,구미시,신시로 75  (형곡동) .,370546,형곡직영점,경북 구미시 신시로 75  (형곡동) .,경북영업담당,구미지점,P213475,형곡동_차병원점,일반점,054-455-9010
경북,구미시,구미중앙로 77 (원평동),372459,구미역직영점,경북 구미시 구미중앙로 77 (원평동),경북영업담당,구미지점,P031279,구미역직영점,일반점,070-4671-2624
대구,달서구,도원로 24  1층 108호 (도원동) .,312790,성원,대구 달서구 도원로 24  1층 108호 (도원동) .,경북영업담당,서대구지점,P140008,도원동_도원네거리점,일반점,070-8650-5955
경북,포항시,남구 대이로 115 (대잠동),312975,동주통신,경북 포항시 남구 대이로 115 (대잠동),경북영업담당,동대구지점,P281774,대잠동_이동사거리점,일반점,054-281-3010
경북,경주시,동성로 110-1  (노동동) .,312988,솔로몬통신,경북 경주시 동성로 110-1  (노동동) .,경북영업담당,동대구지점,P954351,노동동_노스페이스점,일반점,070-8677-4402
경북,포항시,북구 중앙상가길 16 (대흥동),372390,포항시네마직영점,경북 포항시 북구 중앙상가길 16 (대흥동),경북영업담당,동대구지점,P273289,포항시네마직영점 (포항 샵인샵),일반점,070-4643-2355
경북,포항시,북구 중앙상가길 26-3 (대흥동),312975,동주통신,경북 포항시 북구 중앙상가길 26-3 (대흥동),경북영업담당,동대구지점,P207005,대흥동_ABC마트점,일반점,054-241-4391
대구,동구,팔공로51길 17  (봉무동) .,370663,이시아폴리스직영점,대구 동구 팔공로51길 17  (봉무동) .,경북영업담당,동대구지점,P258938,이시아폴리스 직영점,일반점,070-8264-0197
대구,수성구,달구벌대로 3181 (매호동),311781,명인텔레콤,대구 수성구 달구벌대로 3181 (매호동),경북영업담당,동대구지점,P241145,매호동_신매역점,일반점,053-793-8677
대구,달서구,계대동문로 18  (신당동) .,372451,대구성서직영점,대구 달서구 계대동문로 18  (신당동) .,경북영업담당,서대구지점,P955843,대구성서직영점,일반점,070-5022-9906
대구,달성군,"다사읍 죽곡리  807-3 A동 103호, 104호 .",312738,다움,"대구시 달성군 다사읍 죽곡리  807-3 A동 103호, 104호 .",경북영업담당,서대구지점,P251626,죽곡리_대실역점,일반점,070-4038-5814
대구,수성구,지범로 192  (범물동) .,312908,에이치 에스(HS),대구 수성구 지범로 192  (범물동) .,경북영업담당,동대구지점,P260665,범물동_동아백화점,일반점,070-5022-6033
대구,수성구,달구벌대로 2516  (범어동) .,312466,성림텔레콤,대구 수성구 달구벌대로 2516  (범어동) .,경북영업담당,동대구지점,P241096,범어동_로데오타운,일반점,070-4324-2608
대구,수성구,달구벌대로 2612  (만촌동) .,312909,우리모바일,대구 수성구 달구벌대로 2612  (만촌동) .,경북영업담당,동대구지점,P087090,만촌동_만촌네거리점,일반점,070-4046-2239
대구,달서구,달구벌대로 1659,372571,감삼직영점,대구 달서구 달구벌대로 1659,경북영업담당,서대구지점,P287493,감삼직영점,일반점,070-8614-7494
대구,서구,국채보상로 254 . (평리동),312739,빌리프,대구시 서구 국채보상로 254 . (평리동),경북영업담당,서대구지점,P194401,평리동_서구청점,일반점,010-5858-6178
대구,달서구,용산로 218 (용산동),312103,대진텔레콤,대구 달서구 용산로 218 (용산동),경북영업담당,서대구지점,P144540,용산1동_용산우체국점,일반점,070-4318-3346
대구,수성구,달구벌대로 2280 (수성동1가),313225,후(W.H.O),대구 수성구 달구벌대로 2280 (수성동1가),경북영업담당,동대구지점,P273100,수성_대구은행역점,일반점,070-5035-2265
대구,중구,동성로 50  (동성로2가) .,370020,교동직영점,대구 중구 동성로 50  (동성로2가) .,경북영업담당,서대구지점,P083102,동성로2가_한일극장점,일반점,070-5017-2633
대구,중구,동성로1길 30  (봉산동) .,372461,통신골목직영점,대구 중구 동성로1길 30  (봉산동) .,경북영업담당,서대구지점,P261008,통신골목직영점,일반점,070-5022-9030
대구,남구,월배로 470 상가 1층 101호 LG유플러스 (대명동),370398,성당직영점,대구 남구 월배로 470 상가 1층 101호 LG유플러스 (대명동),경북영업담당,서대구지점,P247619,대명동_대명점,일반점,053-567-7019
대구,중구,동성로1길 14  (덕산동) .,312618,태검통신,대구 중구 동성로1길 14  (덕산동) .,경북영업담당,서대구지점,P041973,덕산동_통신골목점,일반점,010-8181-5139
경북,경산시,중앙로 82 중방동 539-2번지,312909,우리모바일,경북 경산시 중앙로 82 중방동 539-2번지 경산시장 입구,경북영업담당,동대구지점,P186401,중방동_경산시장2점,일반점,070-7561-1001
대구,달서구,달구벌대로259길 33 (이곡동),372569,이곡직영점,대구 달서구 달구벌대로259길 33 (이곡동),경북영업담당,서대구지점,P275791,이곡_성서경찰서점,일반점,070-5135-5791
대구,달서구,월배로 220 (상인동),312103,대진텔레콤,대구 달서구 월배로 220 (상인동),경북영업담당,서대구지점,P258226,상인동_상인네거리,일반점,010-7584-6666
대구,수성구,달구벌대로 2442 (범어동),370098,범어직영점,대구 수성구 달구벌대로 2442 (범어동),경북영업담당,동대구지점,P296548,범어동_수성구청점,일반점,070-4606-6548
경북,구미시,백산로2길 4 (송정동),312707,창경대리점,경북 구미시 백산로2길 4 (송정동),경북영업담당,구미지점,P297247,송정동_푸르지오캐슬점,일반점,054-444-5020
경북,구미시,봉곡남로 74(봉곡동),312041,일선,경북 구미시 봉곡남로 74(봉곡동),경북영업담당,구미지점,P295979,봉곡동_봉곡남로점,일반점,
대구,동구,안심로22길 46  (율하동) .,372460,율하직영점,대구 동구 안심로22길 46  (율하동) .,경북영업담당,동대구지점,P267248,율하직영점,일반점,070-5022-9055
대구,동구,신암로 98 (신암동),372476,신암직영점,대구 동구 신암로 98 (신암동),경북영업담당,동대구지점,P252479,신암직영점,일반점,070-7618-3793
대구,중구,동성로6길 16 (공평동),304781,명품텔레콤,대구 중구 동성로6길 16 (공평동),경북영업담당,서대구지점,P034269,공평동_대구백화점점,일반점,010-7777-7521
대구,수성구,동대구로 95,372378,황금직영점,대구시 수성구 동대구로 95,경북영업담당,동대구지점,P287614,두산동_황금네거리점,일반점,070-4045-1008
대구,달서구,월곡로 180 (상인동),372491,남상인직영점,대구 달서구 월곡로 180 (상인동),경북영업담당,서대구지점,P273998,남상인직영점,일반점,070-5043-2655
경북,포항시,북구 양덕로 37 (양덕동),312975,동주통신,경북 포항시 북구 양덕로 37 (양덕동),경북영업담당,동대구지점,P261025,양덕동_드림마트점,일반점,054-254-5544
경북,포항시,북구 용두산길 35,304945,(주)코리아넘버원,경북 포항시 북구 용두산길 35,경북영업담당,동대구지점,P034364,장성동_ABC볼링장점,일반점,054-253-3010
경북,구미시,인의동 370-2번지,304767,폰하우스,경북 구미시 인의동 370-2번지,경북영업담당,구미지점,P045426,인의동_인동중앙길2점,일반점,054-451-9010
경북,문경시,상신로 2 (점촌동),312920,TNJ모바일,경북 문경시 상신로 2 (점촌동),경북영업담당,구미지점,P144619,점촌동_중앙시장네거리점,일반점,070-7834-7000
경북,경주시,원효로 106,370867,경주중앙직영점,경북 경주시 원효로 106,경북영업담당,동대구지점,P287108,경주중앙직영점,일반점,070-4042-5729
경북,상주시,삼백로 86  (무양동) .,372456,상주한빛직영점,경북 상주시 삼백로 86  (무양동) .,경북영업담당,구미지점,P260339,상주한빛직영점,일반점,070-4065-4051
경북,안동시,경북대로 412  (옥동) .,370857,안동옥동직영점,경북 안동시 경북대로 412  (옥동) .,경북영업담당,구미지점,P256054,안동옥동직영점,일반점,070-5022-1170
경북,구미시,봉곡남로 108  (봉곡동) .,372454,봉곡직영점,경북 구미시 봉곡남로 108  (봉곡동) .,경북영업담당,구미지점,P258550,봉곡직영점,일반점,070-5022-4011
경북,칠곡군,북삼읍 금오대로 262 .,309818,스마트대리점,경북 칠곡군 북삼읍 금오대로 262 .,경북영업담당,구미지점,P272443,북삼_북삼중앙시장점,일반점,054-974-8010
경북,구미시,3공단2로 209(진평동),309878,영광통신,경북 구미시 3공단2로 209(진평동),경북영업담당,구미지점,P278853,진평동_LG디스플레이공장점,일반점,054-476-3012
경남,양산시,양산역6길 22  (중부동) .,313365,스타컴퍼니,경남 양산시 양산역6길 22  (중부동) .,경남영업담당,서부산지점,P258882,중부동_양산역6길점,일반점,070-7574-4695
부산,기장군,기장읍 읍내로 110 .,313358,예화,부산 기장군 기장읍 읍내로 110 .,경남영업담당,동부경남지점,P270365,기장읍_읍내로점,일반점,010-5546-8561
부산,북구,만덕대로 19 (덕천동),308363,덕(D.O.C) 텔레콤,부산 북구 만덕대로 19 (덕천동),경남영업담당,서부산지점,P021372,덕천2동_뉴코아점,일반점,051-342-7019
경남,양산시,"양산역1길 14 (중부동, 에이스프라자)",311198,365모바일,"경남 양산시 양산역1길 14 (중부동, 에이스프라자)",경남영업담당,서부산지점,P753955,중부동_이마트점,일반점,055-367-7848
경남,양산시,서창로 171 (삼호동),304622,010텔레콤,경남 양산시 서창로 171 (삼호동),경남영업담당,동부경남지점,P231840,010텔레콤_삼호동점,일반점,070-4325-3315
울산,남구,삼산로267번길 6-12 1층 (삼산동),304791,(주)성남,울산 남구 삼산로267번길 6-12 1층 (삼산동),경남영업담당,동부경남지점,P012151,삼산동_현대백화점점,일반점,070-4681-6686
경남,김해시,"삼계중앙로 35 107호 (삼계동, 서주빌딩)",311198,365모바일,"경남 김해시 삼계중앙로 35 107호 (삼계동, 서주빌딩)",경남영업담당,서부산지점,P212907,삼계동_부산은행점,일반점,070-8292-9311
경남,김해시,"내외로 80 1층 (외동, 옥정프라자)",308312,대세텔레콤,"경남 김해시 내외로 80 1층 (외동, 옥정프라자)",경남영업담당,서부산지점,P043779,외동_내외시장4점,일반점,070-4369-2022
부산,사하구,낙동대로 466 (하단동),304949,주식회사 미소텔레콤,부산 사하구 낙동대로 466 (하단동),경남영업담당,서부산지점,P139260,하단동_하단역점,일반점,051-710-0720
부산,사하구,낙동대로 422 (당리동),312528,레온컴퍼니,부산 사하구 낙동대로 422 (당리동),경남영업담당,서부산지점,P273454,당리동_낙동대로422점,일반점,070-4044-7404
부산,동래구,사직북로 5 (사직동),304714,영텔레콤,부산 동래구 사직북로 5 (사직동),경남영업담당,동부경남지점,P260351,사직동_사직북로점,일반점,070-4655-2019
부산,부산진구,가야대로 597 한신센터뷰상가 1층 106호 (가야동),304957,한얼컴퍼니,부산 부산진구 가야대로 597 한신센터뷰상가 1층 106호 (가야동),경남영업담당,남부산지점,P951552,가야1동_가야1점,일반점,070-8671-1199
부산,남구,용소로 18  부산시,308390,다온,부산시 남구 용소로 18  부산시 남구 대연3동 62 - 3 용소빌딩1층 .,경남영업담당,남부산지점,P193193,대연3동_경성대정문점,일반점,010-8269-2292
부산,북구,백양대로 1203  (구포동) .,370161,덕천직영점,부산 북구 백양대로 1203  (구포동) .,경남영업담당,서부산지점,P955542,구포1동_덕천역1점,일반점,070-4065-0161
부산,북구,만덕대로 28 부산,304949,주식회사 미소텔레콤,부산시 북구 만덕대로 28 부산 북구 덕천동 401-15 (덕천동),경남영업담당,서부산지점,P292671,덕천2동_만덕대로점,일반점,051-205-0720
부산,남구,"용소로 5(대연동, 동영빌딩)",372474,경성대직영점,"부산 남구 용소로 5(대연동, 동영빌딩)",경남영업담당,남부산지점,P285128,대연3동_겨성대2점,일반점,070-4685-1244
부산,남구,"분포로 113 메트로시티주1상가 106호 (용호동, 엘지메트로시티아파트)",311463,쉼터텔레콤,"부산 남구 분포로 113 메트로시티주1상가 106호 (용호동, 엘지메트로시티아파트)",경남영업담당,남부산지점,P273866,용호동_분포로점,일반점,010-5554-4391
부산,부산진구,중앙대로 689  (부전동) .,311025,(주) 오케이컴퍼니,부산 부산진구 중앙대로 689  (부전동) .,경남영업담당,남부산지점,P153073,부전동_서면시장1점,일반점,010-2288-0223
부산,부산진구,서면로 57 (부전동),312091,프렌즈,부산 부산진구 서면로 57 (부전동),경남영업담당,남부산지점,P004557,부전동_서면롯데3점,일반점,070-8223-2262
부산,부산진구,중앙대로 700 (부전동),370865,부산직영점,부산 부산진구 중앙대로 700 (부전동),경남영업담당,남부산지점,P272776,부산직영점,일반점,070-4642-3258
부산,부산진구,"서면로 40 1층 아디다스 (부전동, 청양빌딩)",313085,드림컴퍼니,"부산 부산진구 서면로 40 1층 아디다스 (부전동, 청양빌딩)",경남영업담당,남부산지점,P245254,부전동_서면시장2점,일반점,070-5025-4236
부산,부산진구,중앙대로 682 (부전동),370007,부전직영점,부산 부산진구 중앙대로 682 (부전동),경남영업담당,남부산지점,P251805,서면1번가_부전점,일반점,070-5044-5566
부산,부산진구,"동천로 73  1층 (부전동, 디에스타워) .",370166,전포직영점,"부산 부산진구 동천로 73  1층 (부전동, 디에스타워) .",경남영업담당,남부산지점,P239631,부전동_태화12점,일반점,070-4656-8241
부산,중구,구덕로 50-1 (남포동5가),308390,다온,부산 중구 구덕로 50-1 (남포동5가),경남영업담당,남부산지점,P267654,남포동5가_남포역점,일반점,010-7676-4944
부산,해운대구,세실로 80 해운대케이씨씨스위첸 104호 LG유플러스 (좌동),310488,주식회사 뮤즈,부산 해운대구 세실로 80 해운대케이씨씨스위첸 104호 LG유플러스 (좌동),경남영업담당,동부경남지점,P273072,좌동_장산 스위첸점,일반점,051-711-0788
부산,중구,광복로 54-2  LG유플러스광복직영점 (창선동1가) .,308356,주식회사 마린컴퍼니,부산 중구 광복로 54-2  LG유플러스광복직영점 (창선동1가) .,경남영업담당,남부산지점,P258031,창선동1가_광복로패션거리점,일반점,010-4444-5077
부산,중구,광복로 50(남포동3가),311111,주식회사 드림텔레콤,부산 중구 광복로 50(남포동3가),경남영업담당,남부산지점,P286946,창선동1가_광복로2점,일반점,010-3333-7078
부산,중구,광복로 96 (광복동1가),370953,광복직영점,부산 중구 광복로 96 (광복동1가),경남영업담당,남부산지점,P287719,광복동1가_광복점,일반점,070-4645-2588
부산,해운대구,해운대로 624  (우동) .,370075,해운대직영점,부산 해운대구 해운대로 624  (우동) .,경남영업담당,동부경남지점,P258749,해운대직영점,일반점,010-8080-4495
부산,금정구,금정로60번길 31 (장전동),312533,유플러스 허브,부산 금정구 금정로60번길 31 (장전동),경남영업담당,동부경남지점,P257060,장전동_부산대역1번출구점,일반점,070-4845-4545
부산,금정구,금정로 60 (장전동),308379,영웅,부산 금정구 금정로 60 (장전동),경남영업담당,동부경남지점,P041868,장전3동_부산대1점,일반점,070-7528-8012
부산,금정구,금정로68번길 16 (장전동),309669,유앤아이(YOU&I),부산 금정구 금정로68번길 16 (장전동),경남영업담당,동부경남지점,P273218,장전1동_금정로68번길점,일반점,010-5635-9403
부산,금정구,부산대학로 52-1 1층 (장전동),308467,주식회사 감동씨에스,부산 금정구 부산대학로 52-1 1층 (장전동),경남영업담당,동부경남지점,P032037,장전3동_부산대정문점,일반점,010-2226-0924
부산,금정구,금정로68번길 35  (장전동) .,370365,부산대역1호직영점,부산 금정구 금정로68번길 35  (장전동) .,경남영업담당,동부경남지점,P046126,부산대역1호직영점,일반점,051-515-2019
부산,금정구,금정로 58  (장전동) .,372158,부산대역2호직영점,부산 금정구 금정로 58  (장전동) .,경남영업담당,동부경남지점,P255594,부산대역2호직영점,일반점,070-5033-5011
울산,남구,삼산로 274103호 (삼산동),304791,(주)성남,울산 남구 삼산로 274103호 (삼산동),경남영업담당,동부경남지점,P287097,삼산동_롯데백화점점,일반점,070-4681-6839
울산,동구,화정동 174-10번지,308468,(주)브이아이피,울산 동구 화정동 174-10번지,경남영업담당,동부경남지점,P038674,화정동_동구과학대점,일반점,070-4009-9097
울산,울주군,범서읍 구영로 94 엠프라자 1층 109호 (외1필지),313712,(주)에이치,울산 울주군 범서읍 구영로 94 엠프라자 1층 109호 (외1필지),경남영업담당,동부경남지점,P241260,범서읍_구영점,일반점,070-8248-9536
울산,남구,삼산로 18  (신정동) .,304791,(주)성남,울산 남구 삼산로 18  (신정동) .,경남영업담당,동부경남지점,P046244,신정4동_공업탑점,일반점,070-4681-6687
울산,남구,월평로 170 (신정동),304791,(주)성남,울산 남구 월평로 170 (신정동),경남영업담당,동부경남지점,P253337,신정5동_공업탑로터리점,일반점,070-4681-6690
울산,남구,대학로 163(무거동),372263,무거직영점,울산 남구 대학로 163(무거동),경남영업담당,동부경남지점,P287597,무거동_신복로터리점,일반점,070-5124-7899
울산,남구,수암로 129 (야음동),310863,넘버원대리점,울산 남구 수암로 129 (야음동),경남영업담당,동부경남지점,P261295,야음동_수암로점,일반점,010-4712-3860
경남,김해시,인제로 182 (어방동),313365,스타컴퍼니,경남 김해시 인제로 182 (어방동),경남영업담당,서부산지점,P048173,어방동_인제대1점,일반점,070-4042-4695
부산,부산진구,당감로 23-1  (당감동) .,370940,당감직영점,부산 부산진구 당감로 23-1  (당감동) .,경남영업담당,남부산지점,P263007,당감1동_당감로1점,일반점,070-5022-7015
부산,북구,화명대로 67(화명동),312974,소영컴퍼니,부산 북구 화명대로 67(화명동),경남영업담당,서부산지점,P286733,화명동_화명대로점,일반점,051-342-5050
부산,부산진구,중앙대로702번길 27 (부전동),313085,드림컴퍼니,부산 부산진구 중앙대로702번길 27 (부전동),경남영업담당,남부산지점,P051008,부전동_서면태화3점,일반점,070-7526-5754
부산,해운대구,중동1로 12 (우동),308467,주식회사 감동씨에스,부산 해운대구 중동1로 12 (우동),경남영업담당,동부경남지점,P004125,우동_스펀지앞점,일반점,010-2226-0924
경남,양산시,양산역6길 3 센트럴스위트 1층 111호 (중부동),311198,365모바일,경남 양산시 양산역6길 3 센트럴스위트 1층 111호 (중부동),경남영업담당,서부산지점,P222533,중부동_양산역점,일반점,070-8286-9311
경남,김해시,인제로 173  (어방동) .,313365,스타컴퍼니,경남 김해시 인제로 173  (어방동) .,경남영업담당,서부산지점,P225751,어방동_인제대3점,일반점,070-4062-3723
부산,부산진구,가야대로 590-2  (가야동) .,313085,드림컴퍼니,부산 부산진구 가야대로 590-2  (가야동) .,경남영업담당,남부산지점,P258500,가야1동_가야대로점,일반점,070-5022-9908
부산,해운대구,구남로29번길 32 (중동),312533,유플러스 허브,부산 해운대구 구남로29번길 32 (중동),경남영업담당,동부경남지점,P091113,중1동_리베라점,일반점,051-747-3760
울산,중구,젊음의거리 71 1층 (성남동),304791,(주)성남,울산 중구 젊음의거리 71 1층 (성남동),경남영업담당,동부경남지점,P019683,성남동_성남로1점,일반점,070-4681-6680
울산,남구,신정로 35 (달동),304791,(주)성남,울산 남구 신정로 35 (달동),경남영업담당,동부경남지점,P185382,달동_달점,일반점,070-4681-6684
울산,중구,화합로 437 (반구동),304791,(주)성남,울산 중구 화합로 437 (반구동),경남영업담당,동부경남지점,P255526,중구_반구동점,일반점,070-4681-6688
울산,중구,젊음의거리 29-16(성남동),372073,중구직영점,울산 중구 젊음의거리 29-16(성남동),경남영업담당,동부경남지점,P287944,성남동_먹자골목점,일반점,070-4641-1477
울산,동구,방어진순환도로 645  (일산동) .,312979,전진플래니티,울산 동구 방어진순환도로 645  (일산동) .,경남영업담당,동부경남지점,P170807,일산동_일산점,일반점,052-233-9019
울산,남구,대학로76번길 7-14 (무거동),304791,(주)성남,울산 남구 대학로76번길 7-14 (무거동),경남영업담당,동부경남지점,P228327,무거동_무거점,일반점,070-4681-6689
울산,남구,두왕로 326 (신정동),372205,남구직영점,울산 남구 두왕로 326 (신정동),경남영업담당,동부경남지점,P276002,남구직영점,일반점,070-4623-2499
울산,남구,"대학로 50 정문 건널목 맞은편 (무거동, 울산과학대학)",370069,울산대직영점,"울산 남구 대학로 50 정문 건널목 맞은편 (무거동, 울산과학대학)",경남영업담당,동부경남지점,P014262,울산대직영점,일반점,052-277-6019
울산,중구,약사동  666-33번지 .,310160,사계,울산 중구 약사동  666-33번지 .,경남영업담당,동부경남지점,P246095,약사동_약사점,일반점,052-900-8020
부산,동래구,중앙대로 1319 (온천동),304714,영텔레콤,부산 동래구 중앙대로 1319 (온천동),경남영업담당,동부경남지점,P233947,온천2동_동래역점,일반점,051-746-2019
부산,해운대구,재반로 79-1 (재송동),304932,(주) 형제텔레콤,부산 해운대구 재반로 79-1 (재송동),경남영업담당,동부경남지점,P272988,재송동_재반로점,일반점,051-714-2360
부산,사상구,사상로 206  (괘법동) .,370083,사상직영점,부산 사상구 사상로 206  (괘법동) .,경남영업담당,서부산지점,P785950,사상직영점,일반점,051-293-5019
부산,연제구,중앙대로 1034  (연산동) .,370048,연산직영점,부산 연제구 중앙대로 1034  (연산동) .,경남영업담당,남부산지점,P246162,연산동_부산시청1점,일반점,070-5035-2458
경남,양산시,덕계동 743-8번지,372449,덕계직영점,경남 양산시 덕계동 743-8번지,경남영업담당,서부산지점,P273026,덕걔동_덕계점,일반점,070-5033-3301
경남,양산시,북안남1길 2 (북부동),370135,양산남부직영점,경남 양산시 북안남1길 2 (북부동),경남영업담당,서부산지점,P238491,북부동_남부시장2점,일반점,070-7524-4398
부산,영도구,"태종로 98  1층 103호 (대교동2가, 모닝아일랜드) .",370519,영도직영점,"부산 영도구 태종로 98  1층 103호 (대교동2가, 모닝아일랜드) .",경남영업담당,남부산지점,P042222,대교동2가_영도대교점,일반점,051-417-8010
부산,동구,"중앙대로 379 1층 (수정동, 수정빌딩)",370759,부산동구직영점,"부산 동구 중앙대로 379 1층 (수정동, 수정빌딩)",경남영업담당,남부산지점,P014301,수정동_중앙대로점,일반점,070-5022-5092
부산,사상구,대동로 95  기산스포렉스 2층 2호 (학장동) .,370529,학장직영점,부산 사상구 대동로 95  기산스포렉스 2층 2호 (학장동) .,경남영업담당,서부산지점,P243853,학장동_학장중학교점,일반점,070-8286-4070
부산,강서구,"명지오션시티4로 60  (명지동, 골든프라자빌딩) .",370378,명지직영점,"부산 강서구 명지오션시티4로 60  (명지동, 골든프라자빌딩) .",경남영업담당,서부산지점,P238449,명지동_명지점,일반점,070-4038-4907
부산,수영구,광남로 151 (광안동),310876,광안텔레콤,부산 수영구 광남로 151 (광안동),경남영업담당,남부산지점,P004102,광안2동_광안2점,일반점,010-6577-2014
부산,부산진구,연수로 4 (양정동),308369,해신,부산 부산진구 연수로 4 (양정동),경남영업담당,남부산지점,P034219,양정2동_양정역1점,일반점,070-8611-3685
울산,동구,방어진순환도로 1128 1층 LGU+,372185,남목직영점,울산시 동구 방어진순환도로 1128 1층 LGU+,경남영업담당,동부경남지점,P269614,서부동_방어진순환로점,일반점,070-4063-4607
부산,사하구,낙동남로 1422(하단동),370120,하단직영점,부산 사하구 낙동남로 1422(하단동),경남영업담당,서부산지점,P286202,하단직영점,일반점,070-4643-2882
울산,중구,화진1길 3(태화동),313142,QPS컴퍼니,울산 중구 화진1길 3(태화동),경남영업담당,동부경남지점,P285043,태화동_태화시장점,일반점,010-2384-7553
울산,동구,진성4길 50 (전하동),370944,동구직영점,울산 동구 진성4길 50 (전하동),경남영업담당,동부경남지점,P267991,전하동_아이파크점,일반점,070-5025-3543
부산,연제구,아시아드대로 96(거제동),372062,연제구직영점,부산 연제구 아시아드대로 96(거제동),경남영업담당,남부산지점,P287976,연제구직영점,일반점,070-4655-7416
경남,양산시,동면 금오13길 4107호,304651,에이원플러스,경남 양산시 동면 금오13길 4107호,경남영업담당,서부산지점,P287865,양산동면_석산점,일반점,070-8656-0003
부산,금정구,중앙대로 1947 부산,304714,영텔레콤,부산시 금정구 중앙대로 1947 부산광역시 금정구 구서동 163-13 (구서동),경남영업담당,동부경남지점,P290525,구서동_중앙대로점,일반점,051-746-5019
부산,기장군,정관면 정관로 561.,370277,정관직영점,부산 기장군 정관면 정관로 561.,경남영업담당,동부경남지점,P283451,정관직영점,일반점,010-8080-4650
부산,사하구,낙동대로 162  (괴정동) .,312766,나인텔레콤,부산 사하구 낙동대로 162  (괴정동) .,경남영업담당,서부산지점,P026831,괴정3동_대티역점,일반점,010-7766-2955
경남,김해시,가락로 81,312974,소영컴퍼니,경남 김해시 가락로 81,경남영업담당,서부산지점,P270988,무계동_장유시장점,일반점,070-4843-7857
경남,김해시,진영읍 장등로19번길 41 .,308457,수빈텔레콤,경남 김해시 진영읍 장등로19번길 41 .,경남영업담당,서부산지점,P257565,진영읍_진영리점,일반점,055-342-7208
경기,안성시,"중앙로 366 1층 ,2,3번지 (석정동, 크리스탈빌딩)",313705,(주)안성모바일통신,"경기 안성시 중앙로 366 1층 ,2,3번지 (석정동, 크리스탈빌딩)",강남영업담당,평택지점,P031373,안성모바일_터미널점,일반점,031-671-5019
경기,수원시,영통구 아주로 42 (원천동),307965,(주)오즈텔레콤,경기 수원시 영통구 아주로 42 (원천동),강남영업담당,수원지점,P252606,오즈텔레콤_아주대점,일반점,031-215-1010
경기,오산시,"원동 811-8 중앙상가 빌딩 114호,115호",372450,오산운암직영점,"경기 오산시 원동 811-8 중앙상가 빌딩 114호,115호",강남영업담당,평택지점,P277154,오산운암직영점,일반점,070-5017-7426
경기,수원시,팔달구 향교로 3  (매산로1가) .,313327,(주)태성정보통신,경기 수원시 팔달구 향교로 3  (매산로1가) .,강남영업담당,수원지점,P953464,태성정보통신_수원역로데오점,일반점,070-5066-0770
경기,화성시,"동탄지성로 108 1층 (반송동, 동탄삼성프라자)",372314,동탄센트럴직영점,"경기 화성시 동탄지성로 108 1층 (반송동, 동탄삼성프라자)",강남영업담당,평택지점,P256928,동탄센트럴직영점,일반점,070-5017-5098
경기,평택시,중앙로 159 (비전동),313701,(주)브이아이피플러스,경기 평택시 중앙로 159 (비전동),강남영업담당,평택지점,P950702,브이아이피_비전동점,일반점,070-4062-4019
경기,평택시,평택2로 10 (평택동),313701,(주)브이아이피플러스,경기 평택시 평택2로 10 (평택동),강남영업담당,평택지점,P259475,VIP_명동점,일반점,070-7559-9027
경기,평택시,관광특구로 13 (서정동),300497,다인모바일주식회사,경기 평택시 관광특구로 13 (서정동),강남영업담당,평택지점,P040940,LG이동통신_송탄출장소점,일반점,031-662-3333
경기,평택시,중앙2로 1 (평택동),313705,(주)안성모바일통신,경기 평택시 중앙2로 1 (평택동),강남영업담당,평택지점,P792107,안성모바일_평택오거리점,일반점,031-651-6019
경기,화성시,"동탄솔빛로 58 1층 제101호 102호 (반송동, 동유프라자)",307986,㈜골드모바일,"경기 화성시 동탄솔빛로 58 1층 제101호 102호 (반송동, 동유프라자)",강남영업담당,평택지점,P228651,골드모바일_나루마을점,일반점,031-8003-6119
경기,수원시,장안구 경수대로 921 대학동물병원 1층 (송죽동),311418,(주)예진,경기 수원시 장안구 경수대로 921 대학동물병원 1층 (송죽동),강남영업담당,수원지점,P288557,(주)예진_북수원점,일반점,031-247-0987
경기,수원시,팔달구 덕영대로 907  1층 (매산로1가) .,370805,수원역직영점,경기 수원시 팔달구 덕영대로 907  1층 (매산로1가) .,강남영업담당,수원지점,P144466,수원역직영점,일반점,031-0243-8245
경기,수원시,영통구 봉영로 1590 (영통동),371715,영통역직영점,경기 수원시 영통구 봉영로 1590 (영통동),강남영업담당,수원지점,P228359,영통역직영점,일반점,070-5017-5074
경기,수원시,영통구 효원로 393 밀레니엄프라자 .,312394,(주)애플모바일,경기도 수원시 영통구 효원로 393 밀레니엄프라자 .,강남영업담당,수원지점,P255274,애플모바일_영통구청점,일반점,070-4898-0409
경기,수원시,"팔달구 효원로 269  1층 115호 (인계동, 에스팝타워) .",370896,수원시청직영점,"경기 수원시 팔달구 효원로 269  1층 115호 (인계동, 에스팝타워) .",강남영업담당,수원지점,P232839,인계점,일반점,070-5017-3706
경기,수원시,장안구 조원동 898-1번지 메가플러스2차 104호,313353,이오씨,경기 수원시 장안구 조원동 898-1번지 메가플러스2차 104호,강남영업담당,수원지점,P231912,이오씨_북수원점,일반점,070-4843-9682
경기,수원시,장안구 조원동 898-1번지 메가플러스 2차 113호,370138,북수원직영점,경기 수원시 장안구 조원동 898-1번지 메가플러스 2차 113호,강남영업담당,수원지점,P140283,북수원직영점,일반점,070-4624-8564
경기,오산시,성호대로 67 (오산동),311789,(주)스타클래스,경기 오산시 성호대로 67 (오산동),강남영업담당,평택지점,P940094,스타클래스_오산점,일반점,070-4388-8199
경기,오산시,원동로37번길 41 (원동),370427,오산로데오직영점,경기 오산시 원동로37번길 41 (원동),강남영업담당,평택지점,P252229,오산로데오직영점,일반점,070-5017-6212
경기,안산시,"단원구 선부광장1로 82 1층 (선부동, 서림빌딩)",307442,(주)엠씨,"경기 안산시 단원구 선부광장1로 82 1층 (선부동, 서림빌딩)",강남영업담당,안산지점,P026545,엠씨_선부동점,일반점,031-401-9019
경기,안산시,단원구 원곡동  847 하나상가 101호~102호 .,313228,하람컴퍼니,경기 안산시 단원구 원곡동  847 하나상가 101호~102호 .,강남영업담당,안산지점,P228706,하람컴퍼니_원곡점,일반점,070-4009-5945
경기,안산시,"단원구 고잔1길 17 1층 (고잔동, 대유빌딩)",311202,(주)안산모바일,"경기 안산시 단원구 고잔1길 17 1층 (고잔동, 대유빌딩)",강남영업담당,안산지점,P001747,(주)안산모바일_안산점,일반점,031-402-1019
경기,안산시,단원구 고잔1길 16 중앙마케이트 101호 (고잔동),313193,중앙컴퍼니,경기 안산시 단원구 고잔1길 16 중앙마케이트 101호 (고잔동),강남영업담당,안산지점,P038643,중앙컴퍼니,일반점,070-5017-9658
경기,평택시,평택로 58 (평택동),313701,(주)브이아이피플러스,경기 평택시 평택로 58 (평택동),강남영업담당,평택지점,P046099,VIP_평택역점,일반점,070-7565-4019
경기,평택시,평택2로20번길 20 (평택동),313701,(주)브이아이피플러스,경기 평택시 평택2로20번길 20 (평택동),강남영업담당,평택지점,P050579,VIP_로데오점,일반점,070-8690-4285
경기,평택시,평택로32번길 1  (평택동) .,371270,평택직영점,경기 평택시 평택로32번길 1  (평택동) .,강남영업담당,평택지점,P045004,평택직영점,일반점,070-4015-5832
경기,평택시,평택2로 37(평택동),372497,평택오거리직영점,경기 평택시 평택2로 37(평택동),강남영업담당,평택지점,P288108,평택오거리직영점,일반점,070-4032-8555
경기,수원시,"팔달구 중부대로 245 1층 (우만동, 용신빌딩)",313220,사이다모바일,"경기 수원시 팔달구 중부대로 245 1층 (우만동, 용신빌딩)",강남영업담당,수원지점,P046253,사이다모바일_우만점,일반점,070-8632-9574
경기,수원시,"장안구 정자3동 877-4번지 112,113호",312397,용기텔레콤,"경기 수원시 장안구 정자3동 877-4번지 112,113호",강남영업담당,수원지점,P045289,용기텔레콤_정자동점,일반점,070-4644-8778
경기,수원시,장안구 천천동 광장타워 103호,311687,(주)엠텔레콤,경기 수원시 장안구 천천동 광장타워 103호,강남영업담당,수원지점,P036548,(주)엠텔레콤_천천동점,일반점,031-8004-2300
경기,수원시,"장안구 만석로19번길 11-3 제110호 (천천동, 태영프라자제1층)",312394,(주)애플모바일,"경기 수원시 장안구 만석로19번길 11-3 제110호 (천천동, 태영프라자제1층)",강남영업담당,수원지점,P256635,애플모바일_천천동점,일반점,070-8202-8001
경기,화성시,"동탄대로시범길 257104 (청계동, 참조은프라자)",312512,더클래스,"경기 화성시 동탄대로시범길 257104 (청계동, 참조은프라자)",강남영업담당,평택지점,P288147,더클래스_동탄2신도시점,일반점,070-4300-0439
경기,화성시,"효행로 1060 101호 (병점동, 이타운4)",313622,라온컴퍼니,"경기 화성시 효행로 1060 101호 (병점동, 이타운4)",강남영업담당,평택지점,P170951,라온컴퍼니_병점진안점,일반점,031-238-8443
경기,화성시,효행로 1009 (진안동),313622,라온컴퍼니,경기 화성시 효행로 1009 (진안동),강남영업담당,평택지점,P273282,병점동_진안1점,일반점,010-5896-9800
경기,화성시,"동탄순환대로 693 108호 (영천동, 대성메디컬프라자)",372387,동탄2신도시직영점,"경기 화성시 동탄순환대로 693 108호 (영천동, 대성메디컬프라자)",강남영업담당,평택지점,P292544,동탄2신도시직영점,일반점,070-5025-1343
경기,오산시,"성호대로 89  1층 102호 (오산동, 오산세명프라자) .",312512,더클래스,"경기 오산시 성호대로 89  1층 102호 (오산동, 오산세명프라자) .",강남영업담당,평택지점,P046232,더클래스_롯데마트점,일반점,070-7570-0439
경기,안양시,"동안구 동안로 128 (호계동, 신포빌딩)",370079,범계1번출구직영점,"경기 안양시 동안구 동안로 128 (호계동, 신포빌딩)",강남영업담당,수원지점,P953620,범계역1번직영점,일반점,070-7563-5010
경기,화성시,향남읍 행정리 486-4번지 110호 111호,312180,(주)프렌드컴퍼니,경기 화성시 향남읍 행정리 486-4번지 110호 111호,강남영업담당,평택지점,P239501,프렌드컴퍼니_향남점,일반점,070-4046-2093
경기,수원시,권선구 덕영대로1201번길 36  경기도,306804,(주)유진텔레콤,경기도 수원시 권선구 덕영대로1201번길 36  경기도 수원시 권선구 덕영대로1201번길 36 웰스턴프라자 106호 LG U+ (권선동),강남영업담당,수원지점,P250215,유진텔레콤_권선동점,일반점,
경기,수원시,"장안구 경수대로 971 (송죽동, 봉주빌딩)",311418,(주)예진,"경기 수원시 장안구 경수대로 971 (송죽동, 봉주빌딩)",강남영업담당,수원지점,P244007,예진_송죽동점,일반점,070-4065-7010
경기,수원시,팔달구 팔달로 115 1층 엘지텔레콤 (화서동),311727,제이에스모바일,경기 수원시 팔달구 팔달로 115 1층 엘지텔레콤 (화서동),강남영업담당,수원지점,P036336,화서점,일반점,070-7573-2945
경기,평택시,송탄로 406 (지산동),312806,노블레스,경기 평택시 송탄로 406 (지산동),강남영업담당,평택지점,P278437,노블레스_송탄터미널점,일반점,070-8615-9924
경기,평택시,탄현로 322 (지산동),306884,(주)파인컴퍼니,경기 평택시 탄현로 322 (지산동),강남영업담당,평택지점,P273596,(주)파인컴퍼니_송탄점,일반점,010-2263-3223
경기,수원시,팔달구 덕영대로 915-1 (매산로1가),307965,(주)오즈텔레콤,경기 수원시 팔달구 덕영대로 915-1 (매산로1가),강남영업담당,수원지점,P034805,오즈텔레콤_수원역로터리점,일반점,010-5577-7050
경기,안산시,단원구 광덕서로 86  (고잔동),312663,Together,경기 안산시 단원구 광덕서로 86  (고잔동),강남영업담당,안산지점,P288288,Together_법원사거리점,일반점,031-405-7142
경기,평택시,지산로 59 (지산동),306884,(주)파인컴퍼니,경기 평택시 지산로 59 (지산동),강남영업담당,평택지점,P281398,(주)파인컴퍼니_지산점,일반점,010-2212-2899
경기,화성시,향남읍 행정중앙2로 33 111 112호 (성지프라자),312180,(주)프렌드컴퍼니,경기 화성시 향남읍 행정중앙2로 33 111 112호 (성지프라자),강남영업담당,평택지점,P281109,향남읍_행정중앙점,일반점,070-4036-2093
경기,용인시,수지구 풍덕천로 119 로얄스포츠센터 1층 103호 (풍덕천동),311908,(주)프렌즈컴퍼니,경기 용인시 수지구 풍덕천로 119 로얄스포츠센터 1층 103호 (풍덕천동),강동영업담당,분당지점,P032504,풍덕천1동_로얄스포츠센터점,일반점,031-266-0093
경기,부천시,"오정구 소사로 719  1층 103호 (원종동, 관우프라자)",310257,(주)명성모바일,"경기 부천시 오정구 소사로 719  1층 103호 (원종동, 관우프라자)",강남영업담당,경인지점,P231952,명성모바일_여월점,일반점,070-4641-6081
인천,연수구,"청능대로 93 1층 109호 (청학동, 이리옴프라자)",307544,(주)참소리,"인천 연수구 청능대로 93 1층 109호 (청학동, 이리옴프라자)",강남영업담당,인천지점,P038988,참소리_청학점,일반점,032-424-9019
인천,남구,용현동  192-9번지 .,312981,(주)현우텔레콤,인천 남구 용현동  192-9번지 .,강남영업담당,인천지점,P209506,현우텔레콤_인하점,일반점,070-4036-5578
인천,남동구,장승남로 61 105호,311034,아우름,인천 남동구 장승남로 61 105호,강남영업담당,인천지점,P271301,아우름_만수2호점,일반점,032-465-3109
인천,남구,미추홀대로 713(주안동),312211,(주)영웅크루,인천 남구 미추홀대로 713(주안동),강남영업담당,인천지점,P284408,영웅텔레콤_주안2호점,일반점,070-7579-5540
인천,부평구,세월천로 47 (청천동),308065,(주)가온텔레콤,인천 부평구 세월천로 47 (청천동),강남영업담당,인천지점,P026594,가온텔레콤_청천점C4,일반점,032-508-4010
경기,부천시,"오정구 역곡로 480 1층 (고강동, 양천프라자빌딩)",310276,(주)넝쿨정보,"경기 부천시 오정구 역곡로 480 1층 (고강동, 양천프라자빌딩)",강남영업담당,경인지점,P032258,넝쿨정보통신_고강점,일반점,032-681-0992
경기,부천시,"원미구 역곡로 7 103호 (역곡동, 스카이빌딩)",308053,주식회사 엑스파워텔레콤,"경기 부천시 원미구 역곡로 7 103호 (역곡동, 스카이빌딩)",강남영업담당,인천지점,P239126,엑스퍼트_역곡북부사거리점,일반점,070-4877-1323
경기,부천시,"원미구 길주로 270 101호 (중동, 중동대우마이빌2차)",311309,황후모바일,"경기 부천시 원미구 길주로 270 101호 (중동, 중동대우마이빌2차)",강남영업담당,경인지점,P240776,황후모바일_신중동역점,일반점,070-4842-5356
경기,부천시,원미구 조마루로297번길 61 1필지 1층 105호 (중동),311049,주식회사 와이에이,경기 부천시 원미구 조마루로297번길 61 1필지 1층 105호 (중동),강남영업담당,경인지점,P217727,(주)YA_중동1점,일반점,070-4369-2849
인천,계양구,계양문화로 86 (용종동),313702,(주)한사랑,인천 계양구 계양문화로 86 (용종동),강남영업담당,경인지점,P031218,(주)한사랑_계양구청점_C4,일반점,032-554-9010
인천,부평구,부평대로 20,311049,주식회사 와이에이,인천 부평구 부평대로 20,강남영업담당,경인지점,P287079,(주)YA_부평점,일반점,070-5110-4480
경기,김포시,김포한강11로 288-5 베네치아 108호 (운양동),309793,(주)인연모바일,경기 김포시 김포한강11로 288-5 베네치아 108호 (운양동),강남영업담당,경인지점,P256405,운양동점_C4-2,일반점,070-8670-1718
경기,부천시,원미구 부천로 19 1층 엘지유플러스 (심곡동),312406,주식회사 더드림스,경기 부천시 원미구 부천로 19 1층 엘지유플러스 (심곡동),강남영업담당,경인지점,P034966,더 드림_부천역북부점,일반점,070-8288-2700
경기,부천시,원미구 부일로 462 (심곡동),312406,주식회사 더드림스,경기 부천시 원미구 부일로 462 (심곡동),강남영업담당,경인지점,P041734,더 드림_부천대학로점,일반점,070-8688-2700
경기,부천시,소사구 경인로 231 (심곡본동),309848,(주)가온유플러스,경기 부천시 소사구 경인로 231 (심곡본동),강남영업담당,인천지점,P152949,가온_부천남부점,일반점,070-8252-8289
경기,부천시,"원미구 상동 535-3 썬프라자 101호, 102호",311049,주식회사 와이에이,"경기도 부천시 원미구 상동 535-3 썬프라자 101호, 102호",강남영업담당,경인지점,P273951,(주)YA_상동2점,일반점,070-4656-1766
경기,부천시,"원미구 상동로 90  102호 (상동, 메가플러스) .",370639,상동사거리직영점,"경기 부천시 원미구 상동로 90  102호 (상동, 메가플러스) .",강남영업담당,경인지점,P046047,상동사거리직영점,일반점,070-5017-5047
경기,부천시,"원미구 신흥로 199 C동 103호 (중동, 트리플타워)",311049,주식회사 와이에이,"경기 부천시 원미구 신흥로 199 C동 103호 (중동, 트리플타워)",강남영업담당,경인지점,P804022,(주)YA_중동2점,일반점,070-8635-1540
경기,부천시,원미구 상동로 81 (상동),311049,주식회사 와이에이,경기 부천시 원미구 상동로 81 (상동),강남영업담당,경인지점,P257865,(주)YA_상동3점,일반점,070-8281-1012
경기,부천시,"원미구 길주로 243 1층 103호 (중동, 제일프라자)",311049,주식회사 와이에이,"경기 부천시 원미구 길주로 243 1층 103호 (중동, 제일프라자)",강남영업담당,경인지점,P243285,(주)YA_중동3점,일반점,070-4300-5100
경기,부천시,소사구 경인로 206 (심곡본동),310639,(주)모바일제너레이션,경기 부천시 소사구 경인로 206 (심곡본동),강남영업담당,경인지점,P195060,모바일제너레이션_부천남부시장C4,일반점,010-7695-9091
인천,부평구,갈산1동 171-11번지 금강프라자 111호 112,370872,갈산직영점,인천 부평구 갈산1동 171-11번지 금강프라자 111호 112,강남영업담당,인천지점,P236811,갈산직영점,일반점,070-5017-9480
인천,남구,석정로 392 (주안동),309775,(주)온새미로,인천 남구 석정로 392 (주안동),강남영업담당,인천지점,P657967,온새미로_주안역점C4,일반점,032-834-6627
경기,김포시,"김포대로 847 1층 102호 (사우동, 중앙프라자)",309464,(주)나눔,"경기 김포시 김포대로 847 1층 102호 (사우동, 중앙프라자)",강남영업담당,경인지점,P828119,나눔통신_사우동점,일반점,070-4610-0533
인천,남구,경원대로 856  (주안동) .,312986,(주)진심컴퍼니,인천 남구 경원대로 856  (주안동) .,강남영업담당,인천지점,P034120,(주)진심컴퍼니_석바위점,일반점,070-5017-6478
경기,부천시,"소사구 경인로498번길 9 1층 (괴안동, 서진빌딩)",310257,(주)명성모바일,"경기 부천시 소사구 경인로498번길 9 1층 (괴안동, 서진빌딩)",강남영업담당,경인지점,P039725,명성모바일_역곡남부역점,일반점,032-347-5511
인천,부평구,시장로 13-1 (부평동),310257,(주)명성모바일,인천 부평구 시장로 13-1 (부평동),강남영업담당,경인지점,P272299,명성모바일_부평점,일반점,032-502-8081
인천,부평구,시장로 25 (부평동),310257,(주)명성모바일,인천 부평구 시장로 25 (부평동),강남영업담당,경인지점,P035519,명성모바일_부평로터리,일반점,032-651-2700
경기,부천시,오정구 역곡로 481,310257,(주)명성모바일,경기 부천시 오정구 역곡로 481,강남영업담당,경인지점,P295886,(주)명성모바일_고강점,일반점,070-4606-7019
인천,남구,주안동 1617-1번지 더월드스테이트중심상가 109호,310083,(주)승미,인천 남구 주안동 1617-1번지 더월드스테이트중심상가 109호,강남영업담당,인천지점,P271707,승미_간석점,일반점,032-425-0330
경기,부천시,"원미구 석천로169번길 30 105 106호 (중동, 새롬프라자)",311609,주식회사 태왕,"경기 부천시 원미구 석천로169번길 30 105 106호 (중동, 새롬프라자)",강남영업담당,경인지점,P277491,태왕모바일_현대점,일반점,010-7706-0296
경기,김포시,"사우중로 49 1층 (사우동, BYC빌딩)",309793,(주)인연모바일,"경기 김포시 사우중로 49 1층 (사우동, BYC빌딩)",강남영업담당,경인지점,P036208,김포점_C4,일반점,031-998-0010
인천,남동구,만수서로 52 (만수동),309775,(주)온새미로,인천 남동구 만수서로 52 (만수동),강남영업담당,인천지점,P272350,(주)온새미로_향촌점,일반점,032-461-1019
인천,남동구,"만수로 63 101호 (만수동, 만수센터프라자)",370822,만수직영점,"인천 남동구 만수로 63 101호 (만수동, 만수센터프라자)",강남영업담당,인천지점,P273341,만수시장직영점,일반점,010-8080-5690
경기,부천시,"원미구 길주로 199  1층 110호 (중동, 굿모닝프라자) .",371585,부천시청직영점,"경기 부천시 원미구 길주로 199  1층 110호 (중동, 굿모닝프라자) .",강남영업담당,경인지점,P286432,부천시청점,일반점,070-4009-2893
인천,서구,가정로308번길 2  1층 LG 유플러스 (석남동) .,371237,서구강남시장직영점,인천 서구 가정로308번길 2  1층 LG 유플러스 (석남동) .,강남영업담당,경인지점,P036089,서구강남시장직영점,일반점,070-8262-7787
인천,남동구,인하로 497-8 (구월동),311601,(주)리드캡,인천 남동구 인하로 497-8 (구월동),강남영업담당,인천지점,P049274,리드캡_구월신세계점,일반점,1661-6663
인천,남동구,인하로489번길 22 (구월동),309775,(주)온새미로,인천 남동구 인하로489번길 22 (구월동),강남영업담당,인천지점,P223827,구월동로데오_C4,일반점,032-441-2019
인천,서구,"연희동 799-10 진영메디피아 108,109호",372488,청라직영점,"인천시 서구 연희동 799-10 진영메디피아 108,109호",강남영업담당,경인지점,P273796,청라직영점,일반점,070-5017-7951
경기,김포시,김포한강4로 113 (장기동),312787,주식회사 데이,경기 김포시 김포한강4로 113 (장기동),강남영업담당,경인지점,P240808,Day_장기지구점,일반점,070-5017-5268
인천,서구,가정로 372 1층 (가정동),311289,형제모바일,인천 서구 가정로 372 1층 (가정동),강남영업담당,경인지점,P028110,형제모바일_신현점,일반점,070-4829-9333
인천,계양구,"오조산공원로 22  1층 (용종동, 계양프라자) .",312758,(주)패밀리컴퍼니,"인천 계양구 오조산공원로 22  1층 (용종동, 계양프라자) .",강남영업담당,경인지점,P583955,(주)패밀리컴퍼니_용종동점,일반점,070-4351-2526~7
인천,연수구,"해돋이로 107 H동 5호 (송도동, 더샵퍼스트월드)",309752,(주)탑클래스,"인천 연수구 해돋이로 107 H동 5호 (송도동, 더샵퍼스트월드)",강남영업담당,인천지점,P950062,탑클래스_송도신도시점,일반점,032-469-7175
경기,부천시,소사구 송내대로 33 1층 (송내동),313567,SA모바일,경기 부천시 소사구 송내대로 33 1층 (송내동),강남영업담당,경인지점,P271706,SA모바일_송내남부점,일반점,070-4062-3328
인천,연수구,"먼우금로 190  1층 (연수동, 연수프라자) .",372404,연수직영점,"인천 연수구 먼우금로 190  1층 (연수동, 연수프라자) .",강남영업담당,인천지점,P251356,연수직영점,일반점,010-8080-0636
인천,부평구,부평문화로 54 (부평동),372494,부평문화로직영점,인천 부평구 부평문화로 54 (부평동),강남영업담당,인천지점,P273444,부평문화로직영점,일반점,070-5017-5968
인천,연수구,컨벤시아대로 69 밀레니엄상가 (송도동),370986,송도신도시직영1점,인천 연수구 컨벤시아대로 69 밀레니엄상가 (송도동),강남영업담당,인천지점,P273075,송도신도시직영점,일반점,010-8080-1130
경기,부천시,원미구 부일로297번길 3 (상동),311609,주식회사 태왕,경기 부천시 원미구 부일로297번길 3 (상동),강남영업담당,경인지점,P252502,상동시장입구점,일반점,010-8077-0296
인천,부평구,경원대로 1376-1  1층 (부평동) .,312404,환희스퀘어,인천 부평구 경원대로 1376-1  1층 (부평동) .,강남영업담당,인천지점,P030637,환희스퀘어_부평역북부점,일반점,070-4656-0751
인천,연수구,앵고개로 262 (동춘동),307544,(주)참소리,인천 연수구 앵고개로 262 (동춘동),강남영업담당,인천지점,P032386,참소리_연수점,일반점,032-811-2010
경기,부천시,원미구 장말로 198 (상동),310257,(주)명성모바일,경기 부천시 원미구 장말로 198 (상동),강남영업담당,경인지점,P287205,(주)명성모바일_상동시장점,일반점,032-664-0809
인천,연수구,"신송로 121 106호 (송도동, 센터프라자)",313364,태양,"인천 연수구 신송로 121 106호 (송도동, 센터프라자)",강남영업담당,인천지점,P153101,태양_1호점,일반점,070-8873-1236
경기,부천시,"원미구 상일로 96 108호 (상동, 세원빌딩)",313567,SA모바일,"경기 부천시 원미구 상일로 96 108호 (상동, 세원빌딩)",강남영업담당,경인지점,P044890,SA모바일_송내역점,일반점,070-4036-3328
인천,서구,마전동  640-3번지 정안빌딩 .,312622,주식회사 제이와이제이,인천 서구 마전동  640-3번지 정안빌딩 .,강남영업담당,경인지점,P236666,JYJ컴퍼니_검단점,일반점,070-8232-7563
인천,계양구,장제로 909 (병방동),309765,(주)서원유플러스,인천 계양구 장제로 909 (병방동),강남영업담당,경인지점,P029860,병방동_C4,일반점,032-543-7019
인천,강화군,강화읍 강화대로 395  1층 107호 (준프라자) .,370987,강화직영점,인천 강화군 강화읍 강화대로 395  1층 107호 (준프라자) .,강남영업담당,경인지점,P187079,강화직영점,일반점,070-5071-7916
경기,김포시,"김포한강8로 378 111호 (구래동, 웅신프라자)",372484,한강신도시직영점,"경기 김포시 김포한강8로 378 111호 (구래동, 웅신프라자)",강남영업담당,경인지점,P273035,한강신도시직영점,일반점,070-5017-7966
인천,부평구,"부평대로 90  1층 (부평동, 여산빌딩) .",371239,부평시장직영점,"인천 부평구 부평대로 90  1층 (부평동, 여산빌딩) .",강남영업담당,인천지점,P187074,부평시장직영점,일반점,070-4042-8730
인천,부평구,부평문화로 61 (부평동),309848,(주)가온유플러스,인천 부평구 부평문화로 61 (부평동),강남영업담당,인천지점,P034119,가온유플러스_문화사거리점,일반점,032-513-2010
인천,부평구,평천로 334 (갈산동),308053,주식회사 엑스파워텔레콤,인천 부평구 평천로 334 (갈산동),강남영업담당,인천지점,P155056,엑스퍼트_갈산사거리점,일반점,070-4877-4922
인천,중구,공항로 271?인천국제공항 3층 M카운터 LGU+,372489,인천공항직영점,인천시 중구 공항로 271?인천국제공항 3층 M카운터 LGU+,강남영업담당,경인지점,P273298,인천공항직영점,일반점,070-5017-8391
인천,서구,"중봉대로 588 1층 106호 LG유플러스 (연희동, 청라센트럴프라자)",309775,(주)온새미로,"인천 서구 중봉대로 588 1층 106호 LG유플러스 (연희동, 청라센트럴프라자)",강남영업담당,인천지점,P169643,(주)온새미로_청라점,일반점,032-567-2019
인천,서구,"완정로 163 1층 103호 (왕길동, 장수프라자)",309464,(주)나눔,"인천 서구 완정로 163 1층 103호 (왕길동, 장수프라자)",강남영업담당,경인지점,P045113,검단점_C4,일반점,070-4610-0534~5
인천,서구,"가정로 379 1층 엘지유플러스매장 (신현동, 진원빌딩)",312354,주식회사 에스엠컴퍼니,"인천 서구 가정로 379 1층 엘지유플러스매장 (신현동, 진원빌딩)",강남영업담당,경인지점,P255964,에스엠_신현동점,일반점,070-5030-5501~2
인천,연수구,먼우금로 96,370508,동춘직영점,인천 연수구 먼우금로 96,강남영업담당,인천지점,P286224,동춘직영점,일반점,070-5135-2665
인천,남동구,"논고개로 1181층 (논현동, 양진타워)",308063,정상정보통신,"인천 남동구 논고개로 1181층 (논현동, 양진타워)",강남영업담당,인천지점,P289835,정상정보통신_논고개로,일반점,032-468-3913
광주,북구,첨단연신로107번길 51층 (신용동),312325,주식회사 서희정보,광주 북구 첨단연신로107번길 51층 (신용동),호남영업담당,동광주지점,P252603,서희정보_신용점,일반점,062-714-3358
광주,광산구,임방울대로 348 103호 (수완동),311825,주식회사 유피커머스,광주 광산구 임방울대로 348 103호 (수완동),호남영업담당,서광주지점,P792018,수완동_수완사거리2점,일반점,062-371-8896
광주,광산구,임방울대로 334 (수완동),309223,(주)한,광주 광산구 임방울대로 334 (수완동),호남영업담당,서광주지점,P254652,수완동_수완사거리1점,일반점,070-7560-3230
광주,광산구,첨단중앙로 96 109호 (월계동),311825,주식회사 유피커머스,광주 광산구 첨단중앙로 96 109호 (월계동),호남영업담당,서광주지점,P283473,월계동_장고분점,일반점,062-971-8807
광주,광산구,첨단중앙로 102 (월계동),313093,주식회사 다올정보통신,광주 광산구 첨단중앙로 102 (월계동),호남영업담당,동광주지점,P028711,첨단_월계점,일반점,062-719-4090
광주,남구,서문대로 739  (진월동) .,372186,진월직영점,광주 남구 서문대로 739  (진월동) .,호남영업담당,동광주지점,P170467,진월직영점_진월점,일반점,070-4897-4643
광주,남구,회재로 1231 (주월동),309965,(주) 위드에스엠,광주 남구 회재로 1231 (주월동),호남영업담당,서광주지점,P951616,주월동_주월주민센터점,일반점,062-223-9019
광주,동구,충장로 93-3 (충장로2가),370009,충장로직영점,광주 동구 충장로 93-3 (충장로2가),호남영업담당,동광주지점,P271864,충장로직영점,일반점,070-4065-2574
광주,동구,남문로 687 (학동),311184,(주)동경,광주 동구 남문로 687 (학동),호남영업담당,동광주지점,P284305,동경텔레콤_학운점,일반점,062-236-3042
광주,동구,중앙로 166  LG유플러스 (황금동) .,312325,주식회사 서희정보,광주 동구 중앙로 166  LG유플러스 (황금동) .,호남영업담당,동광주지점,P009986,황금동_NCWAVE점,일반점,062-226-2019
광주,북구,동문대로 157  (두암동) .,312325,주식회사 서희정보,광주 북구 동문대로 157  (두암동) .,호남영업담당,동광주지점,P197074,두암동_무등도서관점,일반점,070-8614-4318
광주,북구,설죽로 506  (일곡동) .,312243,주식회사 폰팜,광주 북구 설죽로 506  (일곡동) .,호남영업담당,동광주지점,P032671,일곡동_광주은행점,일반점,062-574-1018
광주,북구,우치로 88-1 (용봉동),312325,주식회사 서희정보,광주 북구 우치로 88-1 (용봉동),호남영업담당,동광주지점,P271669,용봉동_전남대후문점,일반점,062-714-1920
광주,북구,자미로 56 (신안동),312325,주식회사 서희정보,광주 북구 자미로 56 (신안동),호남영업담당,동광주지점,P215155,서희정보_전남대점,일반점,070-4024-3941
광주,북구,우치로 247 (오치동),370754,오치사거리직영점,광주 북구 우치로 247 (오치동),호남영업담당,동광주지점,P031357,오치사거리점,일반점,070-8249-8456
광주,북구,서강로 108 (운암동),313093,주식회사 다올정보통신,광주 북구 서강로 108 (운암동),호남영업담당,동광주지점,P217214,운암동_예술고사거리점,일반점,062-714-1930
광주,북구,북문대로 97 (운암동),308790,(주)마인정보통신,광주 북구 북문대로 97 (운암동),호남영업담당,동광주지점,P030497,(주)마인정보통신_운암점,일반점,062-233-0010
광주,서구,월드컵4강로 93-1 (화정동),312325,주식회사 서희정보,광주 서구 월드컵4강로 93-1 (화정동),호남영업담당,동광주지점,P800020,서희정보_화정점,일반점,062-380-9800
광주,서구,상무버들로 28 (유촌동),309223,(주)한,광주 서구 상무버들로 28 (유촌동),호남영업담당,서광주지점,P254656,유촌동_유촌우체국점,일반점,070-7560-3288
광주,서구,상무중앙로 7 (치평동),372540,상무역직영점,광주 서구 상무중앙로 7 (치평동),호남영업담당,서광주지점,P281608,치평동_상무역점,일반점,070-8286-8570
광주,서구,치평로 76 (치평동),309965,(주) 위드에스엠,광주 서구 치평로 76 (치평동),호남영업담당,서광주지점,P291414,치평동_치평우체국점,일반점,010-7604-5011
광주,서구,치평동 1185-3번지,372477,상무평화직영점,광주 서구 치평동 1185-3번지,호남영업담당,서광주지점,P271649,치평동_평화방송사거리1점,일반점,070-4045-6421
광주,서구,운천로 5 (금호동),309695,코리아유플러스,광주 서구 운천로 5 (금호동),호남영업담당,서광주지점,P033689,금호동_풍금사거리2점,일반점,010-8020-4211
전남,광양시,광장로 135 (중동),310067,(주)이루리컴퍼니,전남 광양시 광장로 135 (중동),호남영업담당,동광주지점,P961340,중동_호반아파트점,일반점,010-2411-0801
전남,순천시,연향3로 33 (연향동),311958,유한회사 조이,전남 순천시 연향3로 33 (연향동),호남영업담당,동광주지점,P228242,연향동_신한은행점,일반점,061-727-5019
전남,순천시,연향중앙상가길 19 (연향동),370399,순천직영점,전남 순천시 연향중앙상가길 19 (연향동),호남영업담당,동광주지점,P268880,연향동_패션거리1점,일반점,070-4064-3010
전남,여수시,새터로 57  (신기동) .,370189,여천직영점,전남 여수시 새터로 57  (신기동) .,호남영업담당,동광주지점,P953426,신기동_시전삼거리점,일반점,070-4300-1065
전남,여수시,흥국로 58 (학동),308987,유한회사 온누리정보통신,전남 여수시 흥국로 58 (학동),호남영업담당,동광주지점,P036893,학동_흥국체육관점,일반점,061-685-9019
전남,목포시,영산로 93-1  (명륜동) .,370401,목포중앙직영점,전남 목포시 영산로 93-1  (명륜동) .,호남영업담당,서광주지점,P015813,목포중앙직영점,일반점,061-284-5019
전남,목포시,신흥로83번길 27 (옥암동),309062,(주)신우정보,전남 목포시 신흥로83번길 27 (옥암동),호남영업담당,서광주지점,P042972,옥암동_프로모4거리점,일반점,061-287-7117
전남,순천시,해룡면  신대리 1985-4번지 .,312786,주야,전남 순천시 해룡면  신대리 1985-4번지 .,호남영업담당,동광주지점,P259810,해룡면_신대점,일반점,070-4046-4013
전남,순천시,연향번영길 147 (연향동),309099,(유)서광유통,전남 순천시 연향번영길 147 (연향동),호남영업담당,동광주지점,P045826,연향동_패션거리3점,일반점,061-723-3019
전남,여수시,화장동  798-5번지 .,313033,글로벌컴퍼니,전남 여수시 화장동  798-5번지 .,호남영업담당,동광주지점,P258708,화장동_롯데마트점,일반점,070-4036-4076
제주,서귀포시,중앙로 82 (서귀동),304917,더조은 텔레콤,제주 서귀포시 중앙로 82 (서귀동),호남영업담당,제주지점,P027341,서귀동_서귀로타리점,일반점,064-762-5010
제주,제주시,관덕로11길 18  (일도일동) .,312951,명원,제주 제주시 관덕로11길 18  (일도일동) .,호남영업담당,제주지점,P009692,일도1동_칠성로점,일반점,064-723-5019
제주,제주시,"중앙로 222 1층 (이도이동, 일화빌딩)",372568,제주광양직영점,"제주 제주시 중앙로 222 1층 (이도이동, 일화빌딩)",호남영업담당,제주지점,P179139,제주광양직영점,일반점,070-5103-7899
전남,여수시,여서1로 86(여서동),313694,유한회사 투게더,전남 여수시 여서1로 86(여서동),호남영업담당,동광주지점,P242633,여서동_여수농협삼거리점,일반점,061-805-9400
광주,북구,우치로 102-1 (용봉동),311186,(주)케이엠,광주 북구 우치로 102-1 (용봉동),호남영업담당,동광주지점,P032777,용봉동_전남대후문2호점,일반점,070-8635-5465
광주,광산구,어등대로 418 (선암동),309223,(주)한,광주 광산구 어등대로 418 (선암동),호남영업담당,서광주지점,P272164,선암동_호남대점,일반점,070-7560-3239
광주,광산구,장신로 82  (장덕동) .,370162,수완직영점,광주 광산구 장신로 82  (장덕동) .,호남영업담당,서광주지점,P218909,수완동_호수공원점,일반점,070-4369-3947
전남,목포시,백년대로 292 (상동),311841,다복통신,전남 목포시 백년대로 292 (상동),호남영업담당,서광주지점,P023751,상동_CGV사거리점,일반점,070-8289-5209
전남,목포시,영산로 97  (명륜동) .,372391,목포직영점,전남 목포시 영산로 97  (명륜동) .,호남영업담당,서광주지점,P961623,명륜동_목포역2점,일반점,070-5017-4649
전남,순천시,신월큰길 1-4 (조례동),311958,유한회사 조이,전남 순천시 신월큰길 1-4 (조례동),호남영업담당,동광주지점,P271350,조례동_홈플러스점,일반점,070-8285-8642
제주,제주시,"노연로 118-1 1층 104호 (연동, 미도스카이빌)",310933,주식회사다솜,"제주 제주시 노연로 118-1 1층 104호 (연동, 미도스카이빌)",호남영업담당,제주지점,P096401,연동_은남점,일반점,070-8283-5214
제주,제주시,"도령로 73  1층 105호 (연동, 연동펠리체) .",370144,신제주직영점,"제주 제주시 도령로 73  1층 105호 (연동, 연동펠리체) .",호남영업담당,제주지점,P951883,신제주직영점,일반점,010-8080-4299
제주,제주시,"월랑로 13  1층 (노형동, 라자아일랜드빌딩) .",312817,행운,"제주 제주시 월랑로 13  1층 (노형동, 라자아일랜드빌딩) .",호남영업담당,제주지점,P026834,노형동_구노형점,일반점,064-747-9019
제주,제주시,원노형로 35 (노형동),310933,주식회사다솜,제주 제주시 원노형로 35 (노형동),호남영업담당,제주지점,P276690,노형동_신라점,일반점,064-743-5214
전남,해남군,해남읍 중앙1로 135  엘지텔레콤 .,370430,해남직영점,전남 해남군 해남읍 중앙1로 135  엘지텔레콤 .,호남영업담당,서광주지점,P039588,해남읍_해남점,일반점,070-4369-5921
제주,제주시,중앙로 242 (이도이동),310933,주식회사다솜,제주 제주시 중앙로 242 (이도이동),호남영업담당,제주지점,P045845,주식회사 다솜 (제주 샵인샵),일반점,070-8228-6546
전북,전주시,완산구 용머리로 32삼세한의원 (효자동1가),313696,주식회사 케이모바일,전북 전주시 완산구 용머리로 32삼세한의원 (효자동1가),호남영업담당,전주지점,P283570,효자동_홈플러스점,일반점,063-223-6011
전북,전주시,덕진구 기린대로 473 (덕진동1가),309097,(유)거대한텔레콤,전북 전주시 덕진구 기린대로 473 (덕진동1가),호남영업담당,전주지점,P040906,덕진동_지하보도점,일반점,070-4355-5854
전북,전주시,덕진구 명륜4길 13 (덕진동1가),372504,덕진직영점,전북 전주시 덕진구 명륜4길 13 (덕진동1가),호남영업담당,전주지점,P239179,덕진동_전북대구정문점,일반점,070-4064-5143
전북,익산시,무왕로 1078 (영등동),372583,익산무왕로직영점,전북 익산시 무왕로 1078 (영등동),호남영업담당,전주지점,P281945,영등동_사거리1점,일반점,070-8615-5115
전북,익산시,무왕로 896 (신동),372495,신동직영점,전북 익산시 무왕로 896 (신동),호남영업담당,전주지점,P013105,신동_원광대1점,일반점,
전북,전주시,완산구 백제대로 259 .,313177,더베스트,전북 전주시 완산구 백제대로 259 .,호남영업담당,전주지점,P257647,중화산동_어은터널사거리점,일반점,010-5612-8243
전북,익산시,무왕로13길 5 엘지유플러스 (영등동),372586,영등동사거리직영점,전북 익산시 무왕로13길 5 엘지유플러스 (영등동),호남영업담당,전주지점,P287927,영등동_사거리2점,일반점,
전북,전주시,덕진구 명륜4길 4 (덕진동1가),310252,(주)비커넥티드유진,전북 전주시 덕진구 명륜4길 4 (덕진동1가),호남영업담당,전주지점,P585952,덕진동_전북대대학로점,일반점,010-2369-8774
전북,전주시,덕진구 기린대로 486-1  (덕진동1가) .,370622,전북대직영점,전북 전주시 덕진구 기린대로 486-1  (덕진동1가) .,호남영업담당,전주지점,P049587,덕진동_덕진우체국점,일반점,070-4038-4013
전북,전주시,덕진구 기린대로 487 (덕진동1가),313177,더베스트,전북 전주시 덕진구 기린대로 487 (덕진동1가),호남영업담당,전주지점,P277325,덕진동_기린대로점,일반점,070-7559-6065
전북,군산시,수송5길 5 (수송동),372361,군산직영점,전북 군산시 수송5길 5 (수송동),호남영업담당,전주지점,P961109,수송동_사거리2점,일반점,
전북,군산시,백토로 108  현대코아사거리 미니스톱옆 LGU+군산문화직영점 (나운동),370032,군산문화직영점,전북 군산시 백토로 108  현대코아사거리 미니스톱옆 LGU+군산문화직영점 (나운동),호남영업담당,전주지점,P042896,문화동_현대코아점,일반점,063-732-2202
전북,전주시,완산구 팔달로 212 (경원동3가),372393,전주직영점,전북 전주시 완산구 팔달로 212 (경원동3가),호남영업담당,전주지점,P024646,경원동_팔달로점,일반점,070-4046-4217
전북,전주시,완산구 거마평로 44  (삼천동1가) .,313351,ONE 커뮤니케이션,전북 전주시 완산구 거마평로 44  (삼천동1가) .,호남영업담당,전주지점,P953927,삼천동_흥건아파트점,일반점,070-4324-4587
전북,군산시,"공단대로 441 1층 코리아텔레콤 나운점 (나운동, 상우빌딩)",313695,(유)코리아텔레콤,"전북 군산시 공단대로 441 1층 코리아텔레콤 나운점 (나운동, 상우빌딩)",호남영업담당,전주지점,P008752,나운동_극동사거리점,일반점,063-462-0083
전북,군산시,"월명로 255  104호 (수송동, 신한월드타워) .",370582,군산수송직영점,"전북 군산시 월명로 255  104호 (수송동, 신한월드타워) .",호남영업담당,전주지점,P211386,수송동_제일아파트점,일반점,063-442-8010
전북,군산시,수송동  850-5번지 .,313176,새늘정보통신,전북 군산시 수송동  850-5번지 .,호남영업담당,전주지점,P255214,수송동_수송주민센터2점,일반점,070-4024-4252
전북,전주시,완산구 송정2길 29 정치과의원 (삼천동1가),312791,주식회사 전북컴퍼니,전북 전주시 완산구 송정2길 29 정치과의원 (삼천동1가),호남영업담당,전주지점,P280320,삼천동_풍남중학교점,일반점,063-907-1234
전북,정읍시,중앙1길 1 (수성동),372074,정읍직영점,전북 정읍시 중앙1길 1 (수성동),호남영업담당,전주지점,P255020,수성동_정읍CGV점,일반점,070-4042-4061
전북,정읍시,신경2길 28 (상동),312083,주식회사 비케이컴퍼니,전북 정읍시 신경2길 28 (상동),호남영업담당,전주지점,P292010,정읍상동_롯데마트점,일반점,010-2345-8060
전북,김제시,동서로 177 (요촌동),372514,김제직영점,전북 김제시 동서로 177 (요촌동),호남영업담당,전주지점,P279548,요촌동_사거리점,일반점,070-4062-2744
전북,완주군,삼례읍 동학로 23  완주우체국 .,312615,열정,전북 완주군 삼례읍 동학로 23  완주우체국 .,호남영업담당,전주지점,P179087,삼례읍_터미널점,일반점,070-4032-3097
전북,전주시,완산구 당산로 110  (서신동) .,312403,폰팩토리,전북 전주시 완산구 당산로 110  (서신동) .,호남영업담당,전주지점,P285253,서신동_이마트점,일반점,070-7504-6044
전북,전주시,완산구 서신로 105 (서신동),372092,서일직영점,전북 전주시 완산구 서신로 105 (서신동),호남영업담당,전주지점,P249750,서신동_중흥아파트점,일반점,070-4038-1118
전북,전주시,완산구 당산로 52 (서신동),313177,더베스트,전북 전주시 완산구 당산로 52 (서신동),호남영업담당,전주지점,P159601,서신동_당산로점,일반점,010-8060-3558
전북,전주시,덕진구 건산로 228 (인후동1가),310252,(주)비커넥티드유진,전북 전주시 덕진구 건산로 228 (인후동1가),호남영업담당,전주지점,P213385,인후동_건산로점,일반점,063-246-9019
전북,전주시,덕진구 안덕원로 263  (인후동1가) .,310252,(주)비커넥티드유진,전북 전주시 덕진구 안덕원로 263  (인후동1가) .,호남영업담당,전주지점,P238734,인후동_안골사거리점,일반점,070-4006-0339
전북,익산시,모현동1가 186-89번지,372505,모현직영점,전북 익산시 모현동1가 186-89번지,호남영업담당,전주지점,P247809,모현동_고현교회점,일반점,070-4046-7019
전북,익산시,하나로 432 (어양동),372363,어양사거리직영점,전북 익산시 하나로 432 (어양동),호남영업담당,전주지점,P142407,어양동_하나로사거리점,일반점,063-724-2421
전북,전주시,완산구 중동  774-12번지 1동 104호 1층 .,372430,전주혁신신도시직영점,전북 전주시 완산구 중동  774-12번지 1동 104호 1층 .,호남영업담당,전주지점,P256531,중동_혁신도시점,일반점,070-4324-4760
전북,전주시,완산구 용머리로 64 (효자동1가),372530,전주효자직영점,전북 전주시 완산구 용머리로 64 (효자동1가),호남영업담당,전주지점,P037240,효자동_국민은행점,일반점,063-227-0019
전북,전주시,덕진구 송천동1가 834-1,313351,ONE 커뮤니케이션,전북 전주시 덕진구 송천동1가 834-1,호남영업담당,전주지점,P293468,송천동_대명아파트점,일반점,
전북,익산시,고현로 89 (모현동1가),372583,익산무왕로직영점,전북 익산시 고현로 89 (모현동1가),호남영업담당,전주지점,P258456,모현동_새마을금고점,일반점,070-4670-2677
전북,익산시,무왕로 882  (신동) .,313696,주식회사 케이모바일,전북 익산시 무왕로 882  (신동) .,호남영업담당,전주지점,P240587,신동_원광대2점,일반점,
전북,군산시,"월명로 233 105호 (수송동, 효원월드타워)",311228,(주)전샵,"전북 군산시 월명로 233 105호 (수송동, 효원월드타워)",호남영업담당,전주지점,P213449,수송동_사거리1점,일반점,063-462-9019
전북,익산시,무왕로9길 3  (영등동),370757,익산직영점,전북 익산시 무왕로9길 3  (영등동),호남영업담당,전주지점,P271714,영등동_홈플러스2점,일반점,070-4042-8615
전북,익산시,인북로 253  (남중동) .,370935,익산북부직영점,전북 익산시 인북로 253  (남중동) .,호남영업담당,전주지점,P043109,남중동_북부시장점,일반점,063-858-9010
전북,익산시,"부송1로 81  상가 106호 (부송동, 동신아파트) .",310252,(주)비커넥티드유진,"전북 익산시 부송1로 81  상가 106호 (부송동, 동신아파트) .",호남영업담당,전주지점,P214917,부송동_사거리점,일반점,
전북,전주시,완산구 효동2길 1,311600,(주) 거야,전북 전주시 완산구 효동2길 1 전주시 완산구 효자동1가 202-1번지 101호,호남영업담당,전주지점,P234542,효자동_서부시장점,일반점,070-4670-9437
전북,전주시,완산구 홍산로 249,372600,전주신시가지직영점,전북 전주시 완산구 홍산로 249,호남영업담당,전주지점,P301282,전주신시가지직영점,일반점,
경기,고양시,일산동구 장백로 178 웨스턴돔 A동 169-170 (장항동),313326,아이캔,경기 고양시 일산동구 장백로 178 웨스턴돔 A동 169-170 (장항동),강북영업담당,일산지점,P246396,장항동_웨스턴돔스퀘어,일반점,070-8285-2655
서울,은평구,불광로 29-1 (대조동),312546,광컴퍼니,서울 은평구 불광로 29-1 (대조동),강북영업담당,서서울지점,P036892,대조동_불광역1점,일반점,010-3334-3223
경기,고양시,"덕양구 화중로 72 프라자 106호 (화정동, 홀인원)",313605,엠앤엠,"경기 고양시 덕양구 화중로 72 프라자 106호 (화정동, 홀인원)",강북영업담당,일산지점,P954107,화정동_로데오입구,일반점,070-8611-5236
서울,은평구,가좌로 227 (응암동),311618,제이원,서울 은평구 가좌로 227 (응암동),강북영업담당,서서울지점,P099102,응암동_응암오거리,일반점,010-5547-3853
서울,마포구,도화길 26,370772,공덕직영점,서울 마포구 도화길 26,강북영업담당,서서울지점,P282630,도화동_삼성아파트,일반점,070-4045-8010
서울,서대문구,명물길 4(창천동),310047,주식회사 은플러스,서울 서대문구 명물길 4(창천동),강북영업담당,서서울지점,P288219,창천동_명물거리,일반점,070-4001-2177
서울,마포구,백범로 5 (노고산동),370888,신촌역직영점,서울 마포구 백범로 5 (노고산동),강북영업담당,서서울지점,P771977,노고산동_서강대,일반점,070-4809-7791
서울,중구,세종대로 78  디지털조선일보 1층 (태평로2가) .,370773,시청역직영점,서울 중구 세종대로 78  디지털조선일보 1층 (태평로2가) .,강북영업담당,중부지점,P003896,태평로_시청역점,일반점,070-8281-4094
서울,마포구,월드컵로 103-1 (망원동),312471,칠전팔기,서울 마포구 월드컵로 103-1 (망원동),강북영업담당,서서울지점,P950877,망원동_망원우체국,일반점,070-4845-6878
경기,고양시,"일산동구 정발산로 33  101호 (장항동, 낙원프라자) .",370468,정발산직영점,"경기 고양시 일산동구 정발산로 33  101호 (장항동, 낙원프라자) .",강북영업담당,일산지점,P185093,장항동_웨스턴농협,일반점,070-4324-2335
경기,고양시,"덕양구 화정로 47 107호 LG 유플러스 (화정동, 동원텔)",372362,덕양직영점,"경기 고양시 덕양구 화정로 47 107호 LG 유플러스 (화정동, 동원텔)",강북영업담당,일산지점,P045181,화정동_세이브존,일반점,070-8624-5469
경기,파주시,"금빛로 24-18 105호 (금촌동, 기성프라자)",311476,계성유플러스,"경기 파주시 금빛로 24-18 105호 (금촌동, 기성프라자)",강북영업담당,일산지점,P810034,금촌동_금릉로데오2점,일반점,010-7677-5648
서울,은평구,응암로 323 1층 (응암동),311790,TPS Company,서울 은평구 응암로 323 1층 (응암동),강북영업담당,서서울지점,P253663,응암동_서부병원사거리,일반점,010-9878-3296
서울,서대문구,통일로 460  (홍제동) .,312581,인왕컴퍼니,서울 서대문구 통일로 460  (홍제동) .,강북영업담당,서서울지점,P285313,홍제동_홍은사거리,일반점,02-395-3737
경기,고양시,"일산서구 중앙로 1426  108호 (주엽동, 일송노블레스빌딩) .",312580,대박유플러스,"경기 고양시 일산서구 중앙로 1426  108호 (주엽동, 일송노블레스빌딩) .",강북영업담당,일산지점,P032273,주엽동_주엽그랜드,일반점,070-7579-0019
서울,은평구,연서로34길 2 (불광동),312581,인왕컴퍼니,서울 은평구 연서로34길 2 (불광동),강북영업담당,서서울지점,P289890,불광동_불광지구대,일반점,02-356-5455
경기,파주시,금촌2동  988-1번지 우평프라자 101호 102 .,372359,금촌직영점,경기 파주시 금촌2동  988-1번지 우평프라자 101호 102 .,강북영업담당,일산지점,P238595,금촌동_금릉로데오3점,일반점,010-8080-5342
서울,은평구,연서로29길 12 (갈현동),312471,칠전팔기,서울 은평구 연서로29길 12 (갈현동),강북영업담당,서서울지점,P209438,갈현동_연신내역2점,일반점,070-4643-6878
서울,서대문구,연세로 27-1  (창천동) .,370029,신촌직영점,서울 서대문구 연세로 27-1  (창천동) .,강북영업담당,서서울지점,P179166,창천동_연세대,일반점,070-4015-4199
경기,고양시,"일산동구 중앙로 1172 112 (마두동, 그랜드프라자)",312352,주주클럽(주),"경기 고양시 일산동구 중앙로 1172 112 (마두동, 그랜드프라자)",강북영업담당,일산지점,P047112,마두동_마두역,일반점,070-4334-1612
서울,은평구,통일로 843-2,313066,한결,서울 은평구 통일로 843-2,강북영업담당,서서울지점,P286326,대조동_연신내물빛공원,일반점,070-8258-0019
경기,고양시,일산서구 중앙로 1406 108호 (주엽동),370774,주엽직영점,경기 고양시 일산서구 중앙로 1406 108호 (주엽동),강북영업담당,일산지점,P255177,주엽동_강선사거리,일반점,070-4090-3010
서울,서대문구,연세로 5가길 1 .,370419,신촌현대직영점,서울 서대문구 연세로 5가길 1 .,강북영업담당,서서울지점,P255896,창천동_현대백화점,일반점,070-8639-1149
서울,은평구,통일로 855-4 (갈현동),310047,주식회사 은플러스,서울 은평구 통일로 855-4 (갈현동),강북영업담당,서서울지점,P019639,갈현동_연신내역1점,일반점,02-389-2177
경기,고양시,일산동구 무궁화로 32-12  3필지 일산라페스타 E동 114호 (장항동) .,312352,주주클럽(주),경기 고양시 일산동구 무궁화로 32-12  3필지 일산라페스타 E동 114호 (장항동) .,강북영업담당,일산지점,P144611,장항동_라페스타,일반점,070-4334-0078
서울,중구,무교로 14 (무교동),309979,(주)유스토리원,서울 중구 무교로 14 (무교동),강북영업담당,중부지점,P272899,무교동_서울시청점,일반점,010-8300-8821
서울,용산구,한강대로 289 (갈월동),372559,숙대직영점,서울시 용산구 한강대로 289 (갈월동),강북영업담당,중부지점,P182802,갈월동_숙대입구역점,일반점,070-4042-3700
경기,고양시,덕양구 화신로260번길 74  (화정동) .,370898,화정직영점,경기 고양시 덕양구 화신로260번길 74  (화정동) .,강북영업담당,일산지점,P246857,덕양동_화정터미널,일반점,031-994-8018
경기,고양시,일산서구 중앙로 1576 (대화동),370062,대화사거리직영점,경기 고양시 일산서구 중앙로 1576 (대화동),강북영업담당,일산지점,P277138,대화동_대화사거리,일반점,070-4062-6128
경기,고양시,"일산동구 중앙로 1194 105호 (마두동, 금강프라자)",311051,주식회사 세강,"경기 고양시 일산동구 중앙로 1194 105호 (마두동, 금강프라자)",강북영업담당,일산지점,P011063,마두동_뉴코아백화점,일반점,031-904-4461
서울,중구,다산로 225 1층 (무학동),309979,(주)유스토리원,서울 중구 다산로 225 1층 (무학동),강북영업담당,중부지점,P233923,신당동_떡볶이타운점,일반점,010-8300-7708
경기,고양시,"덕양구 호국로790번길 17 1층 109호 (성사동, 영프라자)",313326,아이캔,"경기 고양시 덕양구 호국로790번길 17 1층 109호 (성사동, 영프라자)",강북영업담당,일산지점,P033008,성사동_원당시장,일반점,070-4090-2655
경기,파주시,문산읍 문산로 42-1  . .,372464,문산직영점,경기 파주시 문산읍 문산로 42-1  . .,강북영업담당,일산지점,P256514,문산리_축협,일반점,070-8621-9513
서울,중구,동호로 174(신당동),309979,(주)유스토리원,서울 중구 동호로 174(신당동),강북영업담당,중부지점,P288061,신당동_약수시장,일반점,010-8300-4247
서울,종로구,대학로 135  (명륜4가) .,372324,혜화역직영점,서울 종로구 대학로 135  (명륜4가) .,강북영업담당,중부지점,P258059,명륜동_혜화역점,일반점,070-7553-4010
경기,고양시,덕양구 고양대로 1383-2 (성사동),370153,원당직영점,경기도 고양시 덕양구 고양대로 1383-2 (성사동),강북영업담당,일산지점,P260363,성사동_원당역,일반점,070-4038-7015
경기,고양시,일산동구 정발산로 24  웨스턴돔 JA 121 (장항동) .,372431,일산직영점,경기 고양시 일산동구 정발산로 24  웨스턴돔 JA 121 (장항동) .,강북영업담당,일산지점,P123146,장항동_웨스턴돔,일반점,070-5022-7826
경기,고양시,덕양구 호국로 803,313097,T3 모바일,경기 고양시 덕양구 호국로 803,강북영업담당,일산지점,P287799,주교동_원당시장,일반점,010-8300-1848
경기,파주시,중앙로 327 (금촌동),310326,으뜸텔레콤,경기 파주시 중앙로 327 (금촌동),강북영업담당,일산지점,P248301,금촌동_금촌역,일반점,010-2307-6975
서울,마포구,월드컵북로 396 누리꿈스퀘어 B1 1020호 (상암동),372584,누리꿈스퀘어직영점,서울시 마포구 월드컵북로 396 누리꿈스퀘어 B1 1020호 (상암동),강북영업담당,서서울지점,P289348,상암동_누리꿈스퀘어,일반점,070-5096-4680
서울,서대문구,증가로 140 1층 엘지유플러스 (남가좌동),313130,도로시,서울시 서대문구 증가로 140 1층 엘지유플러스 (남가좌동),강북영업담당,서서울지점,P289488,남가좌동_백련시장,일반점,010--7713-6660
서울,서대문구,수색로 38 (남가좌동),371265,가좌직영점,서울 서대문구 수색로 38 (남가좌동),강북영업담당,서서울지점,P273764,남가좌동_가좌역,일반점,070-8286-2439
서울,종로구,"새문안로 58  지하1층 (신문로2가, LG광화문빌딩) .",372327,광화문직영점,"서울 종로구 새문안로 58  지하1층 (신문로2가, LG광화문빌딩) .",강북영업담당,중부지점,P170879,새문안로_광화문빌딩점,일반점,070-8624-5714
경기,고양시,"일산서구 산현로 11  102호 (탄현동, 부건프라자) .",370489,탄현직영점,"경기 고양시 일산서구 산현로 11  102호 (탄현동, 부건프라자) .",강북영업담당,일산지점,P044379,탄현동_삼익아파트,일반점,031-8074-9019
경기,고양시,"덕양구 중앙로558번길 7-18 1층 102호 (행신동, 행신동비프라자)",311051,주식회사 세강,"경기 고양시 덕양구 중앙로558번길 7-18 1층 102호 (행신동, 행신동비프라자)",강북영업담당,일산지점,P244867,행신동_롯데마트,일반점,031-973-4461
서울,마포구,월드컵로 151(망원동),312973,유피컴퍼니,서울 마포구 월드컵로 151(망원동),강북영업담당,서서울지점,P281466,망원동_마포구청역,일반점,070-4042-5556
대전,유성구,은구비남로33번길 18  103호 (지족동) .,312204,끌림,대전 유성구 은구비남로33번길 18  103호 (지족동) .,충청영업담당,대전지점,P030627,끌림_노은점,일반점,070-8234-9114
대전,중구,대종로480번길 26 (은행동),312744,모아대리점,대전 중구 대종로480번길 26 (은행동),충청영업담당,대전지점,P950552,은행동_으능정이2점,일반점,010-2222-5374
대전,서구,관저로 157 하이존상가 107호 (관저동),309243,D&F대리점,대전 서구 관저로 157 하이존상가 107호 (관저동),충청영업담당,대전지점,P036246,D&F_관저점,일반점,010-5555-1382
충남,논산시,계백로 1000 (취암동),309887,주식회사 다올휴머니즘컴퍼니,충남 논산시 계백로 1000 (취암동),충청영업담당,대전지점,P045437,다올텔레콤_본점,일반점,070-4064-7010
대전,중구,대종로480번길 7 (은행동),309216,주식회사 중앙코퍼레이션,대전 중구 대종로480번길 7 (은행동),충청영업담당,대전지점,P017057,중앙_은행본점,일반점,010-2222-8635
충남,공주시,공주대학로 93 (신관동),309074,주식회사 기분좋은모바일,충남 공주시 공주대학로 93 (신관동),충청영업담당,대전지점,P013122,기분좋은이동통신(공주점),일반점,041-852-9019
대전,유성구,"노은로 178 101호 (지족동, 금강프라자빌딩)",311827,주식회사 바른청년들,"대전 유성구 노은로 178 101호 (지족동, 금강프라자빌딩)",충청영업담당,대전지점,P739969,노은동_노은역점,일반점,070-4624-9010
대전,서구,둔산남로 162 탄방동 둔산동,312750,무지개대리점,대전시 서구 둔산남로 162 탄방동 둔산동,충청영업담당,대전지점,P207360,탄방동_충남고점,일반점,010-3535-5795
대전,중구,중앙로156번길 28 (은행동),310246,(주)우상,대전 중구 중앙로156번길 28 (은행동),충청영업담당,대전지점,P225834,은행동_으능정이1점,일반점,010-7577-1234
세종,세종시,종촌동 151-107번지,311827,주식회사 바른청년들,세종 세종시 종촌동 151-107번지,충청영업담당,대전지점,P272708,바른청년들_종촌점,일반점,070-4642-9995
충남,논산시,중앙로 383 (취암동),309887,주식회사 다올휴머니즘컴퍼니,충남 논산시 중앙로 383 (취암동),충청영업담당,대전지점,P170006,다올_논산점,일반점,070-8277-7174
대전,유성구,"관평2로 56 1층 104호 (관평동, 도모프라자)",312314,비상,"대전 유성구 관평2로 56 1층 104호 (관평동, 도모프라자)",충청영업담당,대전지점,P042138,비상_테크노점,일반점,070-4369-2186
충남,논산시,중앙로 434 104호 103 (취암동),312654,해솔대리점,충남 논산시 중앙로 434 104호 103 (취암동),충청영업담당,대전지점,P271160,해솔_논산오거리점,일반점,070-4655-9502
대전,서구,탄방로 3 (탄방동),312458,주식회사 썸모바일,대전 서구 탄방로 3 (탄방동),충청영업담당,대전지점,P017497,탄방동_한가람네거리점,일반점,010-2222-7908
대전,중구,중앙로164번길 21-6 (은행동),309496,(주)감성,대전 중구 중앙로164번길 21-6 (은행동),충청영업담당,대전지점,P961377,(주)감성_은행점,일반점,010-7777-6516
충남,공주시,중동  223번지 .,370060,공주직영점,충남 공주시 중동  223번지 .,충청영업담당,대전지점,P045526,공주직영점_본점,일반점,041-852-6010
대전,서구,"둔산로 52 1층 (둔산동, 미라클빌딩)",313644,명성대리점,"대전 서구 둔산로 52 1층 (둔산동, 미라클빌딩)",충청영업담당,대전지점,P212906,둔산동_갤러리아1점,일반점,010-8080-1873
대전,동구,동대전로 79 (대동),370106,대동직영점,대전 동구 동대전로 79 (대동),충청영업담당,대전지점,P959814,대동직영점,일반점,010-8080-4778
대전,동구,"은어송로 55 101-2 (가오동, 그린타워)",309837,주식회사 총각네휴대폰가게,"대전 동구 은어송로 55 101-2 (가오동, 그린타워)",충청영업담당,대전지점,P142394,총각네휴대폰가게_가오점,일반점,010-5555-1493
대전,유성구,은구비남로33번길 51 (지족동),370411,노은직영점,대전 유성구 은구비남로33번길 51 (지족동),충청영업담당,대전지점,P241004,노은직영점,일반점,070-4063-4004
대전,유성구,계룡로 60  (봉명동) .,370065,유성직영점,대전 유성구 계룡로 60  (봉명동) .,충청영업담당,대전지점,P026080,유성직영점,일반점,042-823-6019
대전,서구,"둔산로 34 1층 (둔산동, 씨엔씨타워)",312820,다원대리점,"대전 서구 둔산로 34 1층 (둔산동, 씨엔씨타워)",충청영업담당,대전지점,P017529,다원_둔산점,일반점,010-9376-3113
대전,서구,"둔산로 29  102호 (둔산동, 명당빌딩) .",311827,주식회사 바른청년들,"대전 서구 둔산로 29  102호 (둔산동, 명당빌딩) .",충청영업담당,대전지점,P032531,바른청년들_둔산점,일반점,070-4001-7291
대전,유성구,원내로 38 (원내동),309887,주식회사 다올휴머니즘컴퍼니,대전 유성구 원내로 38 (원내동),충청영업담당,대전지점,P281896,다올_원내점,일반점,010-5775-0500
세종,세종시,"아름동 해피라움2 114,115호",370180,세종아름직영점,"세종 세종시 아름동 해피라움2 114,115호",충청영업담당,대전지점,P288381,세종아름직영점,일반점,070-4079-4099
대전,중구,대종로 312  (부사동) .,372036,부사직영점,대전 중구 대종로 312  (부사동) .,충청영업담당,대전지점,P715959,부사직영점,일반점,010-8080-5916
대전,유성구,계룡로 55 상가 105호 (봉명동),313616,주식회사 한결대리점,대전 유성구 계룡로 55 상가 105호 (봉명동),충청영업담당,대전지점,P217238,한결_유성점,일반점,042-710-2160
대전,서구,도안동로 77 111호(우미린상가),311809,세림텔레콤,대전시 서구 도안동로 77 111호(우미린상가),충청영업담당,대전지점,P271631,세림텔레콤_도안점,일반점,042-541-4019
대전,동구,은어송로 58 (가오동),310246,(주)우상,대전 동구 은어송로 58 (가오동),충청영업담당,대전지점,P273183,우상대리점_가오점,일반점,010-7577-1234
대전,서구,정림로 72(정림동),312744,모아대리점,대전 서구 정림로 72(정림동),충청영업담당,대전지점,P288149,모아_정림점,일반점,010-2222-5374
대전,중구,"중앙로 지하 145 A구역 나-30호 (은행동, 지하상가)",309216,주식회사 중앙코퍼레이션,"대전 중구 중앙로 지하 145 A구역 나-30호 (은행동, 지하상가)",충청영업담당,대전지점,P288128,지하상가_6호점,일반점,010-2222-8635
대전,대덕구,한남로 26(오정동),372160,한남대직영점,대전 대덕구 한남로 26(오정동),충청영업담당,대전지점,P287986,오정동_한남대점,일반점,010-2222-8635
대전,중구,"계백로 1613 (유천동, 대원빌딩) .",313108,두올네트웍스,"대전 중구 계백로 1613 (유천동, 대원빌딩) .",충청영업담당,대전지점,P172082,KJ통신_유천점,일반점,010-8425-2272
대전,서구,관저중로 92  (관저동) .,313616,주식회사 한결대리점,대전 서구 관저중로 92  (관저동) .,충청영업담당,대전지점,P822147,한결_관저,일반점,070-4842-4997
대전,대덕구,중리로 64 2 (중리동),309216,주식회사 중앙코퍼레이션,대전 대덕구 중리로 64 2 (중리동),충청영업담당,대전지점,P279474,(주)중앙코퍼레이션_중리점,일반점,010-2222-8635
충남,논산시,중앙로480번길 11  (화지동) .,370625,논산직영점,충남 논산시 중앙로480번길 11  (화지동) .,충청영업담당,대전지점,P040711,논산직영점,일반점,041-733-6019
대전,중구,목중로 22 (중촌동),309149,평안정보통신,대전 중구 목중로 22 (중촌동),충청영업담당,대전지점,P225440,평안_중촌점,일반점,010-5656-0550
대전,중구,중앙로 137 (선화동),309496,(주)감성,대전 중구 중앙로 137 (선화동),충청영업담당,대전지점,P038972,(주)감성_NC점,일반점,010-7777-6516
대전,대덕구,비래동로 20 (비래동),309149,평안정보통신,대전 대덕구 비래동로 20 (비래동),충청영업담당,대전지점,P273423,평안정보통신_비래점,일반점,010-5656-0550
대전,서구,둔산로 214 (둔산동),313108,두올네트웍스,대전 서구 둔산로 214 (둔산동),충청영업담당,대전지점,P025615,KJ_둔산점,일반점,010-8425-2272
충남,태안군,태안읍 환동로 83 .,310575,주식회사 나린,충남 태안군 태안읍 환동로 83 .,충청영업담당,천안지점,P252993,나린_태안점,일반점,041-675-3683
충북,충주시,충인3길 1 (충의동),311821,MJ커뮤니케이션,충북 충주시 충인3길 1 (충의동),충청영업담당,청주지점,P008992,MJ_충주점,일반점,010-4497-1020
충북,청주시,흥덕구 풍년로 166 1층 (가경동),310408,유림텔레콤,충북 청주시 흥덕구 풍년로 166 1층 (가경동),충청영업담당,청주지점,P033033,유림_가경점,일반점,070-8274-1256
충북,청주시,"상당구 수영로 277 1층 (금천동, 태평양빌딩)",313699,주식회사 리더스모바일,"충북 청주시 상당구 수영로 277 1층 (금천동, 태평양빌딩)",충청영업담당,청주지점,P026114,금천동_국민은행점,일반점,043-223-6010
충남,천안시,동남구 터미널9길 28 (신부동),310830,주식회사 태화,충남 천안시 동남구 터미널9길 28 (신부동),충청영업담당,천안지점,P257988,태화_신부점,일반점,041-566-4232
충남,아산시,온천동 91-8,310830,주식회사 태화,충남 아산시 온천동 91-8,충청영업담당,천안지점,P287996,태화_온천점,일반점,041-548-4232
충남,천안시,"서북구 월봉로 93 1층 (쌍용동, 토평빌딩)",310830,주식회사 태화,"충남 천안시 서북구 월봉로 93 1층 (쌍용동, 토평빌딩)",충청영업담당,천안지점,P046711,태화_쌍용점,일반점,041-575-4232
충남,아산시,온천대로 1479 (온천동),310830,주식회사 태화,충남 아산시 온천대로 1479 (온천동),충청영업담당,천안지점,P036535,태화_온천2점,일반점,070-7560-9964
충남,천안시,동남구 사직로 2 호도상회 (사직동),310830,주식회사 태화,충남 천안시 동남구 사직로 2 호도상회 (사직동),충청영업담당,천안지점,P279973,태화_중앙시장점,일반점,041-562-4232
충북,청주시,흥덕구 수곡로 56 (수곡동),312815,우리대리점,충북 청주시 흥덕구 수곡로 56 (수곡동),충청영업담당,청주지점,P028351,수곡동_수곡시장점,일반점,070-8226-3425
충북,청주시,흥덕구 서현북로 78 (가경동),310408,유림텔레콤,충북 청주시 흥덕구 서현북로 78 (가경동),충청영업담당,청주지점,P251734,유림_강서점,일반점,070-4823-1532
충북,충주시,봉계1길 58 1층 (칠금동),313134,강찬,충북 충주시 봉계1길 58 1층 (칠금동),충청영업담당,청주지점,P280885,칠금동_터미널점,일반점,
충북,청주시,흥덕구 가경로 9-1 (가경동),313188,보람텔레콤,충북 청주시 흥덕구 가경로 9-1 (가경동),충청영업담당,청주지점,P296522,가경동_신한은행점,일반점,043-231-5452
충남,아산시,배방읍 배방로 49 105호 (배방프라자),310832,주식회사 에프원,충남 아산시 배방읍 배방로 49 105호 (배방프라자),충청영업담당,천안지점,P249114,에프원_배방점,일반점,070-8692-5111
충남,천안시,"서북구 성정중7길 3 1층 104호 (성정동, 극동프라자)",310830,주식회사 태화,"충남 천안시 서북구 성정중7길 3 1층 104호 (성정동, 극동프라자)",충청영업담당,천안지점,P252604,태화_성정점,일반점,041-553-4232
충남,천안시,"서북구 서부대로 688 108호 (성정동, 현대프라자)",310830,주식회사 태화,"충남 천안시 서북구 서부대로 688 108호 (성정동, 현대프라자)",충청영업담당,천안지점,P030579,태화대리점_두정점,일반점,041-557-4232
충남,천안시,동남구 먹거리11길 31 (신부동),310830,주식회사 태화,충남 천안시 동남구 먹거리11길 31 (신부동),충청영업담당,천안지점,P271506,태화_야우리,일반점,041-552-4232
충북,청주시,흥덕구 복대1동 288-15번지 1층 108호,308944,유미텔레콤,충북 청주시 흥덕구 복대1동 288-15번지 1층 108호,충청영업담당,청주지점,P247099,유미텔레콤_지웰시티점,일반점,043-292-1800
충북,청주시,상당구 사직대로 354-2  (서문동) .,372019,청주직영점,충북 청주시 상당구 사직대로 354-2  (서문동) .,충청영업담당,청주지점,P139690,청주직영점,일반점,043-223-9919
충북,청주시,흥덕구 복대로 146 (복대동),310408,유림텔레콤,충북 청주시 흥덕구 복대로 146 (복대동),충청영업담당,청주지점,P029248,복대동_복대시장점,일반점,070-7529-7890
충북,청주시,흥덕구 증안로 40 (복대동),312665,뉴에이스,충북 청주시 흥덕구 증안로 40 (복대동),충청영업담당,청주지점,P044768,복대동_하복대점,일반점,043-284-0550
충북,청주시,상당구 성안로 9 (북문로1가),312665,뉴에이스,충북 청주시 상당구 성안로 9 (북문로1가),충청영업담당,청주지점,P272132,성안길_롯데시네마점,일반점,043-224-9643
충북,충주시,성서3길 25 (성서동),312263,알파대리점,충북 충주시 성서3길 25 (성서동),충청영업담당,청주지점,P677954,성서동_성서로타리점,일반점,010-9294-4321
충북,청주시,"흥덕구 1순환로 661 1층 (사창동, 재원빌딩)",310731,세운대리점,"충북 청주시 흥덕구 1순환로 661 1층 (사창동, 재원빌딩)",충청영업담당,청주지점,P237110,세운대리점_사창점,일반점,070-4845-8326
충북,청원군,오창읍 각리 64-1번지,308970,신성통신,충북 청원군 오창읍 각리 64-1번지,충청영업담당,청주지점,P960499,오창읍_각리점,일반점,043-250-1010
충북,청주시,서원구 사직대로 268 (사직동),310408,유림텔레콤,충북 청주시 서원구 사직대로 268 (사직동),충청영업담당,청주지점,P259800,유림_사직점,일반점,070-4829-1532
충북,청주시,상당구 상당로55번길 15 (남문로2가),311982,주식회사 드림원,충북 청주시 상당구 상당로55번길 15 (남문로2가),충청영업담당,청주지점,P038976,성안길_철당간점,일반점,070-5022-6111
충북,청주시,상당구 주성동 339번지,312815,우리대리점,충북 청주시 상당구 주성동 339번지,충청영업담당,청주지점,P271620,주성동_2지구점,일반점,070-4024-3425
충북,청주시,상당구 직지대로 887 (우암동),310408,유림텔레콤,충북 청주시 상당구 직지대로 887 (우암동),충청영업담당,청주지점,P024568,우암동_청대점,일반점,070-4624-1532
충북,청원군,"오창읍 중심상업로 31-4 제1층 제114호 ,117호,118호,119호",312665,뉴에이스,"충북 청원군 오창읍 중심상업로 31-4 제1층 제114호 ,117호,118호,119호",충청영업담당,청주지점,P270117,에이스_오창점,일반점,043-213-2931
충북,청주시,상당구 성안로 50  (남문로2가) .,311982,주식회사 드림원,충북 청주시 상당구 성안로 50  (남문로2가) .,충청영업담당,청주지점,P010859,성안길_우리은행점,일반점,070-4642-6884
충북,제천시,풍양로 99  (중앙로1가) .,312462,화신,충북 제천시 풍양로 99  (중앙로1가) .,충청영업담당,청주지점,P963161,화신_명동거리점,일반점,010-3936-3095
충남,천안시,동남구 만남로 30 (신부동),311341,(주)동동대리점,충남 천안시 동남구 만남로 30 (신부동),충청영업담당,천안지점,P045167,동동대리점_야우리점,일반점,070-4095-5882
충남,천안시,서북구 쌍용대로 288 (성정동),312983,주식회사 동감,충남 천안시 서북구 쌍용대로 288 (성정동),충청영업담당,천안지점,P278796,동감_성정점,일반점,070-8221-3222
충남,천안시,서북구 쌍용대로 188,311857,주식회사행복화분,충남 천안시 서북구 쌍용대로 188,충청영업담당,천안지점,P251953,행복화분_성정점,일반점,041-575-0601
충남,천안시,동남구 충절로 7 (신부동) .,310832,주식회사 에프원,충남 천안시 동남구 충절로 7 (신부동) .,충청영업담당,천안지점,P027584,에프원_야우리점,일반점,070-4843-7666
충남,아산시,온궁로 25 (온천동),310832,주식회사 에프원,충남 아산시 온궁로 25 (온천동),충청영업담당,천안지점,P225136,에프원_온양온천점,일반점,070-7590-5111
충남,천안시,"서북구 차돌들길 7-13  (쌍용동, JG빌딩) .",372306,신방직영점,"충남 천안시 서북구 차돌들길 7-13  (쌍용동, JG빌딩) .",충청영업담당,천안지점,P152542,신방직영점,일반점,070-8630-8315
충남,천안시,동남구 만남로 42 103호 (신부동),370206,신부직영점,충남 천안시 동남구 만남로 42 103호 (신부동),충청영업담당,천안지점,P278555,신부직영점_야우리,일반점,070-4063-2684
충남,천안시,서북구 동서대로 125-3  1층 (성정동) .,370192,두정직영점,충남 천안시 서북구 동서대로 125-3  1층 (성정동) .,충청영업담당,천안지점,P026530,두정직영점,일반점,041-522-4010
충남,아산시,모종동 566번지 1층,370386,아산터미널직영점,충남 아산시 모종동 566번지 1층,충청영업담당,천안지점,P288038,아산터미널직영점,일반점,070-4038-4438
충남,천안시,"서북구 동서대로 163 (성정동, 충남타워)",370539,성정직영점,"충남 천안시 서북구 동서대로 163 (성정동, 충남타워)",충청영업담당,천안지점,P244009,성정직영점,일반점,070-4042-9811
충북,청주시,상당구 성안로 15 (북문로1가),311915,더끌림대리점,충북 청주시 상당구 성안로 15 (북문로1가),충청영업담당,청주지점,P010895,성안길_산업은행점,일반점,043-222-7019
충북,청주시,상당구 월평로 192 (용암동),309531,태양,충북 청주시 상당구 월평로 192 (용암동),충청영업담당,청주지점,P139976,용암동_농협사거리점,일반점,070-4641-7679
충남,천안시,동남구 신부동 462-7 문타워 1층,310832,주식회사 에프원,충남 천안시 동남구 신부동 462-7 문타워 1층,충청영업담당,천안지점,P256222,문타워점,일반점,041-571-5010
충남,천안시,동남구 수곡2길 8-3 (신방동),310830,주식회사 태화,충남 천안시 동남구 수곡2길 8-3 (신방동),충청영업담당,천안지점,P276848,신방동_서부대로점,일반점,041-576-0601
충북,청주시,흥덕구 두꺼비로38번길 44 (산남동),372467,산남직영점,충북 청주시 흥덕구 두꺼비로38번길 44 (산남동),충청영업담당,청주지점,P269955,산남직영점,일반점,070-4042-1624
충북,제천시,의림대로 152  (중앙로2가) .,372322,제천중앙직영점,충북 제천시 의림대로 152  (중앙로2가) .,충청영업담당,청주지점,P185252,제천중앙직영점,일반점,010-8080-5720
충남,당진시,당진중앙2로 123  (읍내동) .,312993,유희,충남 당진시 당진중앙2로 123  (읍내동) .,충청영업담당,천안지점,P139579,유희_당진점,일반점,041-358-0163
충북,청원군,오송읍 오송생명5로 179  . .,372438,오송직영점,충북 청원군 오송읍 오송생명5로 179  . .,충청영업담당,청주지점,P170102,오송직영점,일반점,070-5017-6241
충북,청주시,상당구 율봉로 142 (율량동),312665,뉴에이스,충북 청주시 상당구 율봉로 142 (율량동),충청영업담당,청주지점,P272826,에이스_율량점,일반점,043-210-5545
충북,청주시,흥덕구 사직대로 111 (사창동),311915,더끌림대리점,충북 청주시 흥덕구 사직대로 111 (사창동),충청영업담당,청주지점,P259466,사창동_사거리점,일반점,043-277-7019
충북,청주시,상당구 주성로 297 (주성동),308971,(주)비상통신,충북 청주시 상당구 주성로 297 (주성동),충청영업담당,청주지점,P273773,비상_주성동점,일반점,043-211-8010
충남,아산시,충무로 22 충남,370070,아산직영점,충남 아산시 충무로 22 충남 아산시 온천동 300-24번지 1층,충청영업담당,천안지점,P273187,아산직영점,일반점,041-424-0190
충남,당진시,무수동로 132 1층 (읍내동),370267,당진읍내직영점,충남 당진시 무수동로 132 1층 (읍내동),충청영업담당,천안지점,P271311,당진읍내직영점,일반점,070-8614-4235
충북,충주시,성서3길 16  1층 108호 (성서동) .,372144,충주중앙직영점,충북 충주시 성서3길 16  1층 108호 (성서동) .,충청영업담당,청주지점,P235201,충주중앙직영점,일반점,010-8080-7904
충남,당진시,당진중앙2로 211-5 (읍내동),309840,(주)제이와이비컴퍼니,충남 당진시 당진중앙2로 211-5 (읍내동),충청영업담당,천안지점,P142387,제이와이비_당진점,일반점,041-352-0194
충북,청주시,상당구 중고개로 322  드림메디칼 1층 102호 (금천동) .,370188,금천직영점,충북 청주시 상당구 중고개로 322  드림메디칼 1층 102호 (금천동) .,충청영업담당,청주지점,P239160,금천직영점,일반점,043-221-6019
충남,서산시,안견로 185 (동문동),309840,(주)제이와이비컴퍼니,충남 서산시 안견로 185 (동문동),충청영업담당,천안지점,P036007,제이와이비_서산터미널점,일반점,041-669-9010
충북,제천시,풍양로13길 14,370962,제천직영점,충북 제천시 풍양로13길 14,충청영업담당,청주지점,P285926,제천직영점,일반점,010-8080-6922
충북,청주시,흥덕구 분평로 32 (분평동),313188,보람텔레콤,충북 청주시 흥덕구 분평로 32 (분평동),충청영업담당,청주지점,P609952,분평동_주민센터점,일반점,043-295-5454
충남,천안시,동남구 대흥로 227-1 1층 (대흥동),310832,주식회사 에프원,충남 천안시 동남구 대흥로 227-1 1층 (대흥동),충청영업담당,천안지점,P172804,에프원_천안역점,일반점,070-8623-5111
충북,청주시,"상당구 중고개로 181  1층 105호 (용암동, 대상코스모빌딩) .",372102,용암직영점,"충북 청주시 상당구 중고개로 181  1층 105호 (용암동, 대상코스모빌딩) .",충청영업담당,청주지점,P253461,용암직영점,일반점,070-4898-6241
서울,영등포구,양산로23길 4 일흥빌딩1층,307437,소라텔레콤,서울시 영등포구 양산로23길 4 일흥빌딩1층,강남영업담당,남서울지점,P037934,소라텔레콤_영등포구청점,일반점,02-2675-6019
경기,평택시,평택로 41,311203,㈜한백,경기 평택시 평택로 41,강남영업담당,평택지점,P048378,HBM_평택터미널점,일반점,031-8054-8071
인천,남동구,구울동 1514-1 더존 프라자 104호,309775,(주)온새미로,인천 남동구 구울동 1514-1 더존 프라자 104호,강남영업담당,인천지점,P277887,온새미로_구월아시아드점,일반점,032-462-6019
경기,군포시,산본동 1128-1 동아프라자 1층 엘지유플러스,312445,제이엠컴퍼니,경기도 군포시 산본동 1128-1 동아프라자 1층 엘지유플러스,강남영업담당,수원지점,P019036,제이엠컴퍼니 산본점,일반점,070-5035-8660
경기,안양시,동안구 경수대로 537 103호(호계동),301799,㈜탑텔레콤,경기도 안양시 동안구 경수대로 537 103호(호계동),강남영업담당,수원지점,P043783,탑텔레콤 호계점,일반점,070-8290-6010
경기,남양주시,진접읍 장현리 350-1번지,372468,장현직영점,경기 남양주시 진접읍 장현리 350-1번지,강동영업담당,광진지점,P279802,진접읍_진접농협,일반점,070-4042-4447
경기,파주시,"와석순환로 78 104동 105호 (야당동, 한강프라자)",312423,내담정보,"경기 파주시 와석순환로 78 104동 105호 (야당동, 한강프라자)",강북영업담당,일산지점,P951567,야당동_한빛마을,일반점,010-5656-4479
서울,종로구,종로 117-1  (종로3가) .,370025,종로직영점,서울 종로구 종로 117-1  (종로3가) .,강북영업담당,중부지점,P049932,종로3가_탑골공원점,일반점,070-4038-3019
부산,수영구,광안동 141-5번지,311025,(주) 오케이컴퍼니,부산 수영구 광안동 141-5번지,경남영업담당,남부산,P297275,광안동_광안시장점,일반점,010-2288-7494
경남,진주시,동진로184-1,372258,진주시청직영점,경남 진주시 동진로184-1,경남영업담당,서부경남,P299108,상대동_동진로점,일반점,010-8080-0040
경남,거제시,거제중앙로 1899,370950,거제고현직영점,경남 거제시 거제중앙로 1899,경남영업담당,서부경남,P200517,고현동_거제점,일반점,070-8677-0117
경북,구미시,송정대로 64(송정동),312041,일선,경북 구미시 송정대로 64(송정동),경북영업담당,구미지점,P278115,일선 (구미 샵인샵),일반점,070-5030-0508
경북,칠곡군,석적읍 중리 203-4번지,309818,스마트대리점,경북 칠곡군 석적읍 중리 203-4번지,경북영업담당,구미지점,P953215,석적읍_나래원점,일반점,070-8235-5611
전북,군산시,중앙로 1가 14-5,310127,군산직영SHOP,전북 군산시 중앙로 1가 14-5,호남영업담당,전주지점,P213450,중앙동_군산우체국점,일반점,063-466-8010
서울,중구,남대문로 26  (남창동) .,370974,남대문직영점,서울 중구 남대문로 26  (남창동) .,강북영업담당,중부지점,P018408,남대문로_남대문시장점,일반점,070-4024-7944
서울,마포구,홍익로 5  (서교동) .,371454,홍대입구직영점,서울 마포구 홍익로 5  (서교동) .,강북영업담당,서서울지점,P038907,서교동_홍익대,일반점,070-8639-5008
서울,서초구,"강남대로79길 2  1층 (반포동, 은도빌딩) .",371329,서초직영점,"서울 서초구 강남대로79길 2  1층 (반포동, 은도빌딩) .",강동영업담당,서초지점,P026709,반포1동_서초점,일반점,070-4009-5937
전북,전주시,완산구 효자동2가 1239-5번지,111111,전주,전북 전주시 완산구 효자동2가 1239-5번지,전주,전주지점,P000000,전주,일반점,010-0000-0000